tick_n,phase,status,raw_eda,raw_hr,raw_hrv,smooth_eda,smooth_hr,smooth_hrv
1,BASELINE,NEW_DATA,3.7634,nan,nan,3.7634,nan,nan
2,BASELINE,NEW_DATA,3.6684,90.3801,nan,3.6684,90.3801,nan
3,BASELINE,NEW_DATA,3.8223,87.9073,nan,3.8223,87.9073,nan
4,BASELINE,NEW_DATA,3.6760,88.2692,nan,3.6760,88.2692,nan
5,BASELINE,NEW_DATA,2.9422,88.8484,nan,2.9422,88.8484,nan
6,BASELINE,NEW_DATA,3.0081,88.7903,nan,3.0081,88.7903,nan
7,BASELINE,NEW_DATA,3.6312,89.2181,nan,3.6312,89.2181,nan
8,BASELINE,NEW_DATA,3.1551,89.7815,nan,3.1551,89.7815,nan
9,BASELINE,NEW_DATA,3.1971,89.7646,nan,3.1971,89.7646,nan
10,BASELINE,NEW_DATA,3.7481,89.5016,nan,3.7481,89.5016,nan
11,BASELINE,NEW_DATA,4.0255,89.1050,nan,4.0255,89.1050,nan
12,BASELINE,NEW_DATA,2.6852,89.3354,nan,2.6852,89.3354,nan
13,BASELINE,NEW_DATA,2.6439,89.5088,nan,2.6439,89.5088,nan
14,BASELINE,NEW_DATA,2.9141,89.3940,nan,2.9141,89.3940,nan
15,BASELINE,NEW_DATA,3.9718,89.2253,nan,3.9718,89.2253,nan
16,BASELINE,NEW_DATA,2.9311,89.1824,nan,2.9311,89.1824,nan
17,BASELINE,NEW_DATA,4.2326,89.4161,nan,4.2326,89.4161,nan
18,BASELINE,NEW_DATA,3.2959,89.5382,nan,3.2959,89.5382,nan
19,BASELINE,NEW_DATA,3.0837,89.9234,nan,3.0837,89.9234,nan
20,BASELINE,NEW_DATA,3.0719,90.7651,nan,3.0719,90.7651,nan
21,BASELINE,NEW_DATA,3.3861,91.1933,nan,3.3861,91.1933,nan
22,BASELINE,NEW_DATA,4.6640,91.0502,nan,4.6640,91.0502,nan
23,BASELINE,NEW_DATA,4.1188,91.1027,nan,4.1188,91.1027,nan
24,BASELINE,NEW_DATA,4.0023,91.3309,nan,4.0023,91.3309,nan
25,BASELINE,NEW_DATA,2.5666,90.5574,nan,2.5666,90.5574,nan
26,BASELINE,NEW_DATA,4.8443,89.9621,nan,4.8443,89.9621,nan
27,BASELINE,NEW_DATA,4.0977,89.4304,nan,4.0977,89.4304,nan
28,BASELINE,NEW_DATA,3.1440,88.9528,nan,3.1440,88.9528,nan
29,BASELINE,NEW_DATA,3.5317,88.5001,nan,3.5317,88.5001,nan
30,BASELINE,NEW_DATA,4.0977,87.9290,nan,4.0977,87.9290,nan
31,BASELINE,NEW_DATA,3.0504,87.6887,nan,3.0504,87.6887,nan
32,BASELINE,NEW_DATA,4.1046,87.8362,nan,4.1046,87.8362,nan
33,BASELINE,NEW_DATA,4.1140,87.5870,nan,4.1140,87.5870,nan
34,BASELINE,NEW_DATA,3.1946,87.9592,nan,3.1946,87.9592,nan
35,BASELINE,NEW_DATA,4.2135,88.1732,nan,4.2135,88.1732,nan
36,BASELINE,NEW_DATA,4.1948,87.9901,nan,4.1948,87.9901,nan
37,BASELINE,NEW_DATA,4.1018,87.8935,nan,4.1018,87.8935,nan
38,BASELINE,NEW_DATA,3.2640,88.6478,nan,3.2640,88.6478,nan
39,BASELINE,NEW_DATA,4.1608,89.5595,nan,4.1608,89.5595,nan
40,BASELINE,NEW_DATA,4.0103,88.9903,nan,4.0103,88.9903,nan
41,BASELINE,NEW_DATA,3.3216,89.0043,nan,3.3216,89.0043,nan
42,BASELINE,NEW_DATA,3.2005,89.6598,nan,3.2005,89.6598,nan
43,BASELINE,NEW_DATA,4.2100,90.3784,nan,4.2100,90.3784,nan
44,BASELINE,NEW_DATA,3.9465,90.7022,nan,3.9465,90.7022,nan
45,BASELINE,NEW_DATA,3.0649,91.1317,nan,3.0649,91.1317,nan
46,BASELINE,NEW_DATA,3.9499,91.3580,nan,3.9499,91.3580,nan
47,BASELINE,NEW_DATA,4.2100,90.6952,nan,4.2100,90.6952,nan
48,BASELINE,NEW_DATA,3.1884,89.8628,nan,3.1884,89.8628,nan
49,BASELINE,NEW_DATA,3.2664,88.1980,nan,3.2664,88.1980,nan
50,BASELINE,NEW_DATA,4.1816,88.9243,nan,4.1816,88.9243,nan
51,BASELINE,NEW_DATA,3.9843,89.2528,nan,3.9843,89.2528,nan
52,BASELINE,NEW_DATA,3.0889,89.3447,nan,3.0889,89.3447,nan
53,BASELINE,NEW_DATA,3.1062,89.7454,nan,3.1062,89.7454,nan
54,BASELINE,NEW_DATA,3.1343,91.0357,nan,3.1343,91.0357,nan
55,BASELINE,NEW_DATA,4.0436,90.9594,nan,4.0436,90.9594,nan
56,BASELINE,NEW_DATA,4.0332,91.2310,nan,4.0332,91.2310,nan
57,BASELINE,NEW_DATA,3.1062,91.4718,nan,3.1062,91.4718,nan
58,BASELINE,NEW_DATA,3.4714,92.0150,nan,3.4714,92.0150,nan
59,BASELINE,NEW_DATA,3.3444,92.1987,40.6517,3.3444,92.1987,40.6517
60,BASELINE,NEW_DATA,4.0380,92.2635,40.1345,4.0380,92.2635,40.1345
61,BASELINE,NEW_DATA,3.1003,92.2749,39.3087,3.1003,92.2749,39.3087
62,BASELINE,NEW_DATA,3.2716,92.0903,40.3307,3.2716,92.0903,40.3307
63,BASELINE,NEW_DATA,4.1129,91.5466,40.3993,4.1129,91.5466,40.3993
64,BASELINE,NEW_DATA,3.1343,91.7219,41.0153,3.1343,91.7219,41.0153
65,BASELINE,NEW_DATA,3.2938,91.7507,40.7768,3.2938,91.7507,40.7768
66,BASELINE,NEW_DATA,4.1643,92.9140,40.9769,4.1643,92.9140,40.9769
67,BASELINE,NEW_DATA,3.8563,91.2049,41.1271,3.8563,91.2049,41.1271
68,BASELINE,NEW_DATA,3.2141,91.2861,41.5304,3.2141,91.2861,41.5304
69,BASELINE,NEW_DATA,3.4613,91.3018,41.4253,3.4613,91.3018,41.4253
70,BASELINE,NEW_DATA,3.9076,90.6655,42.0085,3.9076,90.6655,42.0085
71,BASELINE,NEW_DATA,3.3184,90.0147,42.1272,3.3184,90.0147,42.1272
72,BASELINE,NEW_DATA,4.1414,89.2706,41.9741,4.1414,89.2706,41.9741
73,BASELINE,NEW_DATA,3.1579,88.2106,43.2150,3.1579,88.2106,43.2150
74,BASELINE,NEW_DATA,3.2095,87.1507,43.4767,3.2095,87.1507,43.4767
75,BASELINE,NEW_DATA,4.1535,86.7858,43.4816,4.1535,86.7858,43.4816
76,BASELINE,NEW_DATA,3.0590,86.8293,43.9518,3.0590,86.8293,43.9518
77,BASELINE,NEW_DATA,3.7356,86.9891,44.7032,3.7356,86.9891,44.7032
78,BASELINE,NEW_DATA,3.4686,87.1126,44.7961,3.4686,87.1126,44.7961
79,BASELINE,NEW_DATA,3.2834,85.8852,43.7726,3.2834,85.8852,43.7726
80,BASELINE,NEW_DATA,4.2711,85.4070,43.7903,4.2711,85.4070,43.7903
81,BASELINE,NEW_DATA,3.9669,84.7942,44.3999,3.9669,84.7942,44.3999
82,BASELINE,NEW_DATA,4.1490,83.2016,44.4851,4.1490,83.2016,44.4851
83,BASELINE,NEW_DATA,2.9262,83.7246,43.4926,2.9262,83.7246,43.4926
84,BASELINE,NEW_DATA,3.1475,84.2813,43.7784,3.1475,84.2813,43.7784
85,BASELINE,NEW_DATA,4.5225,85.2600,43.5235,4.5225,85.2600,43.5235
86,BASELINE,NEW_DATA,3.1898,86.2452,43.2793,3.1898,86.2452,43.2793
87,BASELINE,NEW_DATA,4.7125,86.7399,42.0839,4.7125,86.7399,42.0839
88,BASELINE,NEW_DATA,4.4226,87.8445,41.8095,4.4226,87.8445,41.8095
89,BASELINE,NEW_DATA,3.2744,88.9269,40.9306,3.2744,88.9269,40.9306
90,BASELINE,NEW_DATA,3.2286,89.8425,40.9268,3.2286,89.8425,40.9268
91,BASELINE,NEW_DATA,3.8476,90.9023,40.3702,3.8476,90.9023,40.3702
92,BASELINE,NEW_DATA,4.6387,91.4506,40.4540,4.6387,91.4506,40.4540
93,BASELINE,NEW_DATA,3.7030,91.8003,38.4114,3.7030,91.8003,38.4114
94,BASELINE,NEW_DATA,3.4589,92.3540,37.8292,3.4589,92.3540,37.8292
95,BASELINE,NEW_DATA,4.7767,91.4424,37.7881,4.7767,91.4424,37.7881
96,BASELINE,NEW_DATA,3.2827,92.7261,37.4872,3.2827,92.7261,37.4872
97,BASELINE,NEW_DATA,3.4520,93.4628,36.2785,3.4520,93.4628,36.2785
98,BASELINE,NEW_DATA,4.7843,94.0208,35.2958,4.7843,94.0208,35.2958
99,BASELINE,NEW_DATA,4.4830,94.8818,34.8811,4.4830,94.8818,34.8811
100,BASELINE,NEW_DATA,3.3368,95.5852,34.8738,3.3368,95.5852,34.8738
101,BASELINE,NEW_DATA,4.2482,96.1022,35.1350,4.2482,96.1022,35.1350
102,BASELINE,NEW_DATA,4.7538,97.0223,35.3569,4.7538,97.0223,35.3569
103,BASELINE,NEW_DATA,4.1088,97.3960,35.1016,4.1088,97.3960,35.1016
104,BASELINE,NEW_DATA,3.5962,97.4035,34.9955,3.5962,97.4035,34.9955
105,BASELINE,NEW_DATA,4.9189,97.1646,34.7329,4.9189,97.1646,34.7329
106,BASELINE,NEW_DATA,3.7374,97.3741,35.6070,3.7374,97.3741,35.6070
107,BASELINE,NEW_DATA,3.9791,97.3577,34.1650,3.9791,97.3577,34.1650
108,BASELINE,NEW_DATA,4.5027,97.7036,33.9706,4.5027,97.7036,33.9706
109,BASELINE,NEW_DATA,3.8237,98.7136,33.9395,3.8237,98.7136,33.9395
110,BASELINE,NEW_DATA,4.5554,98.7312,33.9239,4.5554,98.7312,33.9239
111,BASELINE,NEW_DATA,3.9472,98.5129,34.2211,3.9472,98.5129,34.2211
112,BASELINE,NEW_DATA,4.9175,98.4936,34.3139,4.9175,98.4936,34.3139
113,BASELINE,NEW_DATA,5.2254,97.7301,35.3331,5.2254,97.7301,35.3331
114,BASELINE,NEW_DATA,3.8743,97.2609,35.3407,3.8743,97.2609,35.3407
115,BASELINE,NEW_DATA,4.0866,96.4148,35.6087,4.0866,96.4148,35.6087
116,BASELINE,NEW_DATA,5.3385,95.8929,35.8378,5.3385,95.8929,35.8378
117,BASELINE,NEW_DATA,5.1214,95.0369,35.9828,5.1214,95.0369,35.9828
118,BASELINE,NEW_DATA,4.3536,94.0579,36.0444,4.3536,94.0579,36.0444
119,BASELINE,NEW_DATA,3.9128,93.2608,35.0207,3.9128,93.2608,35.0207
120,BASELINE,NEW_DATA,4.5513,92.5048,35.0124,4.5513,92.5048,35.0124
121,BASELINE,NEW_DATA,3.9645,92.3612,34.5112,3.9645,92.3612,34.5112
122,BASELINE,NEW_DATA,5.4751,92.0981,34.3361,5.4751,92.0981,34.3361
123,BASELINE,NEW_DATA,4.0242,91.7145,34.3361,4.0242,91.7145,34.3361
124,BASELINE,NEW_DATA,5.1797,91.6083,34.4788,5.1797,91.6083,34.4788
125,BASELINE,NEW_DATA,4.3141,91.1174,34.2401,4.3141,91.1174,34.2401
126,BASELINE,NEW_DATA,4.1275,90.7447,34.5470,4.1275,90.7447,34.5470
127,BASELINE,NEW_DATA,4.6349,90.4844,33.9303,4.6349,90.4844,33.9303
128,BASELINE,NEW_DATA,5.5979,90.3169,33.6589,5.5979,90.3169,33.6589
129,LIVE,NEW_DATA,4.4029,90.2184,33.4447,4.4029,90.2184,33.4447
130,LIVE,NEW_DATA,4.8398,90.2611,32.2173,4.8398,90.2611,32.2173
131,LIVE,NEW_DATA,5.5102,90.4027,32.1956,5.5102,90.4027,32.1956
132,LIVE,NEW_DATA,5.5875,90.7177,32.2960,5.5875,90.7177,32.2960
133,LIVE,NEW_DATA,5.5535,91.2607,32.0454,5.5535,91.2607,32.0454
134,LIVE,NEW_DATA,5.4058,92.1948,29.6906,5.4058,92.1948,29.6906
135,LIVE,NEW_DATA,4.1861,92.4269,29.5268,4.1861,92.4269,29.5268
136,LIVE,NEW_DATA,5.6534,92.5840,28.3135,5.6534,92.5840,28.3135
137,LIVE,NEW_DATA,5.5937,92.6774,28.3118,5.5937,92.6774,28.3118
138,LIVE,NEW_DATA,5.5972,92.7010,27.3067,5.5972,92.7010,27.3067
139,LIVE,NEW_DATA,5.2213,93.5708,27.7576,5.2213,93.5708,27.7576
140,LIVE,NEW_DATA,4.5211,93.7066,28.1056,4.5211,93.7066,28.1056
141,LIVE,NEW_DATA,4.6917,93.5863,27.8538,4.6917,93.5863,27.8538
142,LIVE,NEW_DATA,5.8642,93.2457,30.5812,5.8642,93.2457,30.5812
143,LIVE,NEW_DATA,4.5749,93.2660,31.0766,4.5749,93.2660,31.0766
144,LIVE,NEW_DATA,4.7864,93.2742,31.2879,4.7864,93.2742,31.2879
145,LIVE,NEW_DATA,5.2747,93.2829,31.8897,5.2747,93.2829,31.8897
146,LIVE,NEW_DATA,6.1077,92.8202,33.0495,6.1077,92.8202,33.0495
147,LIVE,NEW_DATA,6.0577,92.8139,33.2947,6.0577,92.8139,33.2947
148,LIVE,NEW_DATA,6.0938,92.5711,33.7027,6.0938,92.5711,33.7027
149,LIVE,NEW_DATA,4.7958,92.6566,35.0948,4.7958,92.6566,35.0948
150,LIVE,NEW_DATA,4.8800,92.7002,35.3792,4.8800,92.7002,35.3792
151,LIVE,NEW_DATA,6.4964,92.8381,35.1648,6.4964,92.8381,35.1648
152,LIVE,NEW_DATA,5.9232,92.8364,35.1488,5.9232,92.8364,35.1488
153,LIVE,NEW_DATA,5.2771,92.5040,35.4145,5.2771,92.5040,35.4145
154,LIVE,NEW_DATA,4.9040,92.0226,36.0617,4.9040,92.0226,36.0617
155,LIVE,NEW_DATA,5.8552,91.4419,36.2455,5.8552,91.4419,36.2455
156,LIVE,NEW_DATA,6.3241,90.9647,37.8194,6.3241,90.9647,37.8194
157,LIVE,NEW_DATA,4.9591,90.7718,37.9086,4.9591,90.7718,37.9086
158,LIVE,NEW_DATA,6.4739,90.5709,37.8943,6.4739,90.5709,37.8943
159,LIVE,NEW_DATA,5.4314,90.9524,37.3314,5.4314,90.9524,37.3314
160,LIVE,NEW_DATA,6.0536,91.0475,37.2701,6.0536,91.0475,37.2701
161,LIVE,NEW_DATA,6.2526,91.2419,37.2909,6.2526,91.2419,37.2909
162,LIVE,NEW_DATA,5.2671,91.5204,37.1087,5.2671,91.5204,37.1087
163,LIVE,NEW_DATA,5.6825,91.4438,35.2339,5.6825,91.4438,35.2339
164,LIVE,NEW_DATA,6.4326,91.8577,35.0725,6.4326,91.8577,35.0725
165,LIVE,NEW_DATA,5.0735,92.4217,34.8540,5.0735,92.4217,34.8540
166,LIVE,NEW_DATA,5.2508,92.0478,36.5100,5.2508,92.0478,36.5100
167,LIVE,NEW_DATA,5.8490,91.7314,36.4438,5.8490,91.7314,36.4438
168,LIVE,NEW_DATA,6.3213,92.2543,36.1306,6.3213,92.2543,36.1306
169,LIVE,NEW_DATA,5.1297,93.1684,35.7822,5.1297,93.1684,35.7822
170,LIVE,NEW_DATA,5.4037,93.8676,34.9378,5.4037,93.8676,34.9378
171,LIVE,NEW_DATA,5.4779,94.1770,34.7388,5.4779,94.1770,34.7388
172,LIVE,NEW_DATA,5.3732,94.2342,34.8699,5.3732,94.2342,34.8699
173,LIVE,NEW_DATA,5.6603,93.6446,34.5664,5.6603,93.6446,34.5664
174,LIVE,NEW_DATA,6.6528,93.2549,36.7449,6.6528,93.2549,36.7449
175,LIVE,NEW_DATA,5.5265,93.6008,36.9780,5.5265,93.6008,36.9780
176,LIVE,NEW_DATA,6.5862,94.0205,37.0598,6.5862,94.0205,37.0598
177,LIVE,NEW_DATA,5.2688,94.4938,36.8745,5.2688,94.4938,36.8745
178,LIVE,NEW_DATA,6.1000,94.5848,36.7312,6.1000,94.5848,36.7312
179,LIVE,NEW_DATA,6.6293,94.1414,37.4067,6.6293,94.1414,37.4067
180,LIVE,NEW_DATA,5.1596,93.7952,37.7502,5.1596,93.7952,37.7502
181,LIVE,NEW_DATA,6.5613,93.8150,37.5881,6.5613,93.8150,37.5881
182,LIVE,NEW_DATA,6.6105,93.9771,37.5095,6.6105,93.9771,37.5095
183,LIVE,NEW_DATA,5.1852,94.4036,37.3757,5.1852,94.4036,37.3757
184,LIVE,NEW_DATA,5.6735,94.8493,37.3718,5.6735,94.8493,37.3718
185,LIVE,NEW_DATA,6.4087,95.4368,37.4798,6.4087,95.4368,37.4798
186,LIVE,NEW_DATA,5.3142,95.8505,37.2896,5.3142,95.8505,37.2896
187,LIVE,NEW_DATA,5.2754,95.8258,37.4816,5.2754,95.8258,37.4816
188,LIVE,NEW_DATA,6.5654,95.5178,37.1378,6.5654,95.5178,37.1378
189,LIVE,NEW_DATA,5.9967,95.3699,36.7745,5.9967,95.3699,36.7745
190,LIVE,NEW_DATA,5.1190,95.2248,36.9265,5.1190,95.2248,36.9265
191,LIVE,NEW_DATA,6.3456,95.3037,36.8914,6.3456,95.3037,36.8914
192,LIVE,NEW_DATA,6.5835,94.7791,37.6837,6.5835,94.7791,37.6837
193,LIVE,NEW_DATA,6.3001,94.0254,37.9991,6.3001,94.0254,37.9991
194,LIVE,NEW_DATA,5.1498,93.7893,37.9555,5.1498,93.7893,37.9555
195,LIVE,NEW_DATA,5.1065,93.6557,37.8518,5.1065,93.6557,37.8518
196,LIVE,NEW_DATA,5.3988,93.3951,37.6888,5.3988,93.3951,37.6888
197,LIVE,NEW_DATA,6.5044,93.1022,37.2252,6.5044,93.1022,37.2252
198,LIVE,NEW_DATA,5.9124,93.2026,37.0652,5.9124,93.2026,37.0652
199,LIVE,NEW_DATA,4.9407,93.3390,34.6872,4.9407,93.3390,34.6872
200,LIVE,NEW_DATA,4.9348,93.8282,34.2873,4.9348,93.8282,34.2873
201,LIVE,NEW_DATA,5.4339,94.4802,34.3911,5.4339,94.4802,34.3911
202,LIVE,NEW_DATA,6.1538,94.1897,33.9921,6.1538,94.1897,33.9921
203,LIVE,NEW_DATA,6.3241,94.2633,34.0427,6.3241,94.2633,34.0427
204,LIVE,NEW_DATA,6.2062,94.2146,33.8200,6.2062,94.2146,33.8200
205,LIVE,NEW_DATA,5.3035,94.1630,33.9890,5.3035,94.1630,33.9890
206,LIVE,NEW_DATA,5.6471,93.8521,32.8845,5.6471,93.8521,32.8845
207,LIVE,NEW_DATA,6.3809,93.7334,32.4603,6.3809,93.7334,32.4603
208,LIVE,NEW_DATA,6.0702,93.8790,32.4759,6.0702,93.8790,32.4759
209,LIVE,NEW_DATA,5.3132,94.1056,32.4491,5.3132,94.1056,32.4491
210,LIVE,NEW_DATA,7.0496,94.1819,32.6298,7.0496,94.1819,32.6298
211,LIVE,NEW_DATA,6.9303,93.5000,34.2473,6.9303,93.5000,34.2473
212,LIVE,NEW_DATA,5.6894,93.2905,35.8707,5.6894,93.2905,35.8707
213,LIVE,NEW_DATA,7.2909,92.8476,34.5317,7.2909,92.8476,34.5317
214,LIVE,NEW_DATA,7.2094,92.0373,34.1311,7.2094,92.0373,34.1311
215,LIVE,NEW_DATA,5.8947,91.5679,34.1362,5.8947,91.5679,34.1362
216,LIVE,NEW_DATA,7.4643,91.1107,34.3863,7.4643,91.1107,34.3863
217,LIVE,NEW_DATA,7.7060,90.7517,34.7498,7.7060,90.7517,34.7498
218,LIVE,NEW_DATA,7.3416,90.4640,34.8370,7.3416,90.4640,34.8370
219,LIVE,NEW_DATA,6.3241,90.3548,34.8396,6.3241,90.3548,34.8396
220,LIVE,NEW_DATA,6.6577,89.9892,34.8844,6.6577,89.9892,34.8844
221,LIVE,NEW_DATA,7.6880,90.1830,34.8722,7.6880,90.1830,34.8722
222,LIVE,NEW_DATA,6.4295,90.8506,35.2093,6.4295,90.8506,35.2093
223,LIVE,NEW_DATA,7.1196,91.4717,33.6501,7.1196,91.4717,33.6501
224,LIVE,NEW_DATA,6.6892,91.6604,33.7658,6.6892,91.6604,33.7658
225,LIVE,NEW_DATA,6.4475,91.7659,33.5261,6.4475,91.7659,33.5261
226,LIVE,NEW_DATA,6.5987,91.8850,33.5784,6.5987,91.8850,33.5784
227,LIVE,NEW_DATA,7.0787,91.5704,33.5756,7.0787,91.5704,33.5756
228,LIVE,NEW_DATA,6.5752,91.2299,33.6474,6.5752,91.2299,33.6474
229,LIVE,NEW_DATA,7.7320,91.4973,33.4557,7.7320,91.4973,33.4557
230,LIVE,NEW_DATA,6.3962,92.0041,33.2672,6.3962,92.0041,33.2672
231,LIVE,NEW_DATA,8.0150,93.4146,30.3985,8.0150,93.4146,30.3985
232,LIVE,NEW_DATA,8.0851,93.8999,30.0774,8.0851,93.8999,30.0774
233,LIVE,NEW_DATA,7.1300,94.1786,29.6481,7.1300,94.1786,29.6481
234,LIVE,NEW_DATA,7.8465,94.4261,29.3842,7.8465,94.4261,29.3842
235,LIVE,NEW_DATA,8.0941,94.6219,29.4333,8.0941,94.6219,29.4333
236,LIVE,NEW_DATA,7.8767,94.7484,28.5500,7.8767,94.7484,28.5500
237,LIVE,NEW_DATA,6.5804,95.1925,28.3151,6.5804,95.1925,28.3151
238,LIVE,NEW_DATA,6.7492,95.6075,28.1788,6.7492,95.6075,28.1788
239,LIVE,NEW_DATA,7.7071,96.1332,28.0944,7.7071,96.1332,28.0944
240,LIVE,NEW_DATA,8.5630,97.1353,27.6223,8.5630,97.1353,27.6223
241,LIVE,NEW_DATA,6.9136,97.8006,27.6193,6.9136,97.8006,27.6193
242,LIVE,NEW_DATA,8.2512,98.5093,28.0839,8.2512,98.5093,28.0839
243,LIVE,NEW_DATA,6.8588,98.5093,29.1555,6.8588,98.5093,29.1555
244,LIVE,NEW_DATA,8.1856,98.3518,29.3187,8.1856,98.3518,29.3187
245,LIVE,NEW_DATA,6.7513,98.1402,29.7620,6.7513,98.1402,29.7620
246,LIVE,NEW_DATA,6.7687,97.5725,30.4835,6.7687,97.5725,30.4835
247,LIVE,NEW_DATA,7.5919,97.6009,31.0094,7.5919,97.6009,31.0094
248,LIVE,NEW_DATA,7.2209,97.7569,31.9967,7.2209,97.7569,31.9967
249,LIVE,NEW_DATA,6.8765,98.7524,31.0637,6.8765,98.7524,31.0637
250,LIVE,NEW_DATA,7.0069,98.7310,31.3259,7.0069,98.7310,31.3259
251,LIVE,NEW_DATA,6.9996,99.0678,31.2892,6.9996,99.0678,31.2892
252,LIVE,NEW_DATA,7.0586,99.3833,31.2848,7.0586,99.3833,31.2848
253,LIVE,NEW_DATA,8.2245,99.1677,31.3084,8.2245,99.1677,31.3084
254,LIVE,NEW_DATA,8.2439,98.7352,31.4599,8.2439,98.7352,31.4599
255,LIVE,NEW_DATA,7.0967,99.0085,31.6938,7.0967,99.0085,31.6938
256,LIVE,NEW_DATA,7.7307,99.1957,31.7884,7.7307,99.1957,31.7884
257,LIVE,NEW_DATA,7.9477,98.8239,32.7345,7.9477,98.8239,32.7345
258,LIVE,NEW_DATA,8.7613,99.8517,32.6079,8.7613,99.8517,32.6079
259,LIVE,NEW_DATA,7.6173,99.3243,32.7947,7.6173,99.3243,32.7947
260,LIVE,NEW_DATA,8.8827,98.7121,32.6483,8.8827,98.7121,32.6483
261,LIVE,NEW_DATA,7.6003,98.6839,32.9147,7.6003,98.6839,32.9147
262,LIVE,NEW_DATA,7.8250,98.9692,32.5941,7.8250,98.9692,32.5941
263,LIVE,NEW_DATA,8.1069,99.1646,32.4423,8.1069,99.1646,32.4423
264,LIVE,NEW_DATA,7.8347,99.3838,32.3374,7.8347,99.3838,32.3374
265,LIVE,NEW_DATA,9.2226,98.8445,32.4435,9.2226,98.8445,32.4435
266,LIVE,NEW_DATA,9.7566,98.3066,34.0807,9.7566,98.3066,34.0807
267,LIVE,NEW_DATA,8.8504,97.6289,33.8920,8.8504,97.6289,33.8920
268,LIVE,NEW_DATA,8.1732,97.4699,32.2332,8.1732,97.4699,32.2332
269,LIVE,NEW_DATA,9.2434,97.1839,30.4748,9.2434,97.1839,30.4748
270,LIVE,NEW_DATA,9.1983,97.1879,30.2855,9.1983,97.1879,30.2855
271,LIVE,NEW_DATA,8.1267,97.5623,30.5102,8.1267,97.5623,30.5102
272,LIVE,NEW_DATA,8.6171,98.1033,30.9305,8.6171,98.1033,30.9305
273,LIVE,NEW_DATA,8.5897,98.6835,31.1187,8.5897,98.6835,31.1187
274,LIVE,NEW_DATA,9.4112,99.1111,31.0411,9.4112,99.1111,31.0411
275,LIVE,NEW_DATA,9.7920,99.4822,31.3716,9.7920,99.4822,31.3716
276,LIVE,NEW_DATA,9.7101,98.7159,31.8897,9.7101,98.7159,31.8897
277,LIVE,NEW_DATA,8.4756,98.4355,35.4296,8.4756,98.4355,35.4296
278,LIVE,NEW_DATA,8.9701,98.2823,35.4036,8.9701,98.2823,35.4036
279,LIVE,NEW_DATA,8.7336,98.4933,35.0746,8.7336,98.4933,35.0746
280,LIVE,NEW_DATA,9.8641,98.0184,34.9690,9.8641,98.0184,34.9690
281,LIVE,NEW_DATA,9.7663,97.6044,34.9759,9.7663,97.6044,34.9759
282,LIVE,NEW_DATA,9.7074,97.7699,35.3307,9.7074,97.7699,35.3307
283,LIVE,NEW_DATA,8.3098,97.7458,35.3452,8.3098,97.7458,35.3452
284,LIVE,NEW_DATA,8.4229,97.7096,35.6098,8.4229,97.7096,35.6098
285,LIVE,NEW_DATA,8.4173,97.7034,35.3712,8.4173,97.7034,35.3712
286,LIVE,NEW_DATA,9.7545,98.0046,35.3611,9.7545,98.0046,35.3611
287,LIVE,NEW_DATA,8.2495,96.8107,35.5071,8.2495,96.8107,35.5071
288,LIVE,NEW_DATA,9.5950,97.6816,35.4597,9.5950,97.6816,35.4597
289,LIVE,NEW_DATA,8.5449,97.8078,35.5706,8.5449,97.8078,35.5706
290,LIVE,NEW_DATA,8.4416,97.7007,35.6479,8.4416,97.7007,35.6479
291,LIVE,NEW_DATA,8.9306,97.4702,35.7656,8.9306,97.4702,35.7656
292,LIVE,NEW_DATA,9.5517,97.2322,35.7733,9.5517,97.2322,35.7733
293,LIVE,NEW_DATA,9.7878,97.4680,35.9339,9.7878,97.4680,35.9339
294,LIVE,NEW_DATA,8.4430,97.6422,35.9677,8.4430,97.6422,35.9677
295,LIVE,NEW_DATA,10.2872,98.0360,36.8617,10.2872,98.0360,36.8617
296,LIVE,NEW_DATA,9.9210,98.4912,37.4143,9.9210,98.4912,37.4143
297,LIVE,NEW_DATA,8.5720,98.7318,37.4251,8.5720,98.7318,37.4251
298,LIVE,NEW_DATA,10.0916,98.7925,37.3823,10.0916,98.7925,37.3823
299,LIVE,NEW_DATA,10.1249,98.5132,37.4832,10.1249,98.5132,37.4832
300,LIVE,NEW_DATA,9.0651,98.1067,37.7960,9.0651,98.1067,37.7960
301,LIVE,NEW_DATA,10.3607,97.8758,37.7771,10.3607,97.8758,37.7771
302,LIVE,NEW_DATA,10.2886,97.7237,37.4463,10.2886,97.7237,37.4463
303,LIVE,NEW_DATA,10.1832,97.7324,36.7514,10.1832,97.7324,36.7514
304,LIVE,NEW_DATA,8.6850,98.4518,36.2532,8.6850,98.4518,36.2532
305,LIVE,NEW_DATA,8.6878,98.8099,35.6499,8.6878,98.8099,35.6499
306,LIVE,NEW_DATA,10.1332,98.1722,36.9432,10.1332,98.1722,36.9432
307,LIVE,NEW_DATA,10.1169,97.5939,37.5906,10.1169,97.5939,37.5906
308,LIVE,NEW_DATA,10.0320,97.2270,37.4681,10.0320,97.2270,37.4681
309,LIVE,NEW_DATA,8.6483,96.8584,37.3341,8.6483,96.8584,37.3341
310,LIVE,NEW_DATA,8.7211,96.8254,37.2988,8.7211,96.8254,37.2988
311,LIVE,NEW_DATA,9.8267,96.9214,37.1368,9.8267,96.9214,37.1368
312,LIVE,NEW_DATA,9.9404,96.7801,36.7138,9.9404,96.7801,36.7138
313,LIVE,NEW_DATA,8.9375,96.5371,36.9744,8.9375,96.5371,36.9744
314,LIVE,NEW_DATA,9.3994,96.0468,37.9136,9.3994,96.0468,37.9136
315,LIVE,NEW_DATA,9.0415,95.1862,37.1191,9.0415,95.1862,37.1191
316,LIVE,NEW_DATA,10.2296,95.0153,38.8811,10.2296,95.0153,38.8811
317,LIVE,NEW_DATA,9.4566,94.7765,38.3958,9.4566,94.7765,38.3958
318,LIVE,NEW_DATA,8.8598,94.6523,37.7854,8.8598,94.6523,37.7854
319,LIVE,NEW_DATA,10.3892,93.7871,38.2920,10.3892,93.7871,38.2920
320,LIVE,NEW_DATA,9.8128,92.9263,38.2849,9.8128,92.9263,38.2849
321,LIVE,NEW_DATA,11.7493,92.4773,39.3657,11.7493,92.4773,39.3657
322,LIVE,NEW_DATA,10.6146,92.1573,39.4160,10.6146,92.1573,39.4160
323,LIVE,NEW_DATA,10.6881,91.9243,38.8819,10.6881,91.9243,38.8819
324,LIVE,NEW_DATA,11.8949,91.8631,39.0338,11.8949,91.8631,39.0338
325,LIVE,NEW_DATA,10.3739,91.4699,38.8453,10.3739,91.4699,38.8453
326,LIVE,NEW_DATA,11.2138,91.5589,38.5621,11.2138,91.5589,38.5621
327,LIVE,NEW_DATA,10.4467,91.2240,38.6301,10.4467,91.2240,38.6301
328,LIVE,NEW_DATA,10.5632,91.3263,39.3513,10.5632,91.3263,39.3513
329,LIVE,NEW_DATA,11.7465,92.7508,39.1597,11.7465,92.7508,39.1597
330,LIVE,NEW_DATA,10.0833,92.3527,38.9922,10.0833,92.3527,38.9922
331,LIVE,NEW_DATA,11.5343,91.9582,39.2573,11.5343,91.9582,39.2573
332,LIVE,NEW_DATA,11.9684,91.5439,38.7400,11.9684,91.5439,38.7400
333,LIVE,NEW_DATA,11.2773,91.3753,38.7513,11.2773,91.3753,38.7513
334,LIVE,NEW_DATA,11.8526,91.5416,35.5115,11.8526,91.5416,35.5115
335,LIVE,NEW_DATA,10.1353,91.7344,36.4152,10.1353,91.7344,36.4152
336,LIVE,NEW_DATA,10.4883,91.3323,38.5011,10.4883,91.3323,38.5011
337,LIVE,NEW_DATA,11.5731,90.7739,38.7185,11.5731,90.7739,38.7185
338,LIVE,NEW_DATA,11.6029,90.3903,39.9586,11.6029,90.3903,39.9586
339,LIVE,NEW_DATA,10.0035,90.2262,39.7812,10.0035,90.2262,39.7812
340,LIVE,NEW_DATA,11.3789,90.1423,39.8477,11.3789,90.1423,39.8477
341,LIVE,NEW_DATA,9.9002,89.9972,39.4423,9.9002,89.9972,39.4423
342,LIVE,NEW_DATA,9.6730,90.0069,39.5437,9.6730,90.0069,39.5437
343,LIVE,NEW_DATA,10.6839,90.4497,39.7612,10.6839,90.4497,39.7612
344,LIVE,NEW_DATA,11.0918,90.4149,40.7219,11.0918,90.4149,40.7219
345,LIVE,NEW_DATA,9.4535,89.7288,43.0916,9.4535,89.7288,43.0916
346,LIVE,NEW_DATA,9.7934,89.1943,46.3425,9.7934,89.1943,46.3425
347,LIVE,NEW_DATA,9.8405,89.2724,46.3587,9.8405,89.2724,46.3587
348,LIVE,NEW_DATA,11.2880,90.5266,46.2768,11.2880,90.5266,46.2768
349,LIVE,NEW_DATA,10.8539,90.9993,46.1858,10.8539,90.9993,46.1858
350,LIVE,NEW_DATA,9.4202,91.3003,46.0990,9.4202,91.3003,46.0990
351,LIVE,NEW_DATA,10.3940,91.5329,46.0262,10.3940,91.5329,46.0262
352,LIVE,NEW_DATA,10.7977,91.5036,45.2523,10.7977,91.5036,45.2523
353,LIVE,NEW_DATA,10.3330,91.3990,45.2447,10.3330,91.3990,45.2447
354,LIVE,NEW_DATA,9.3633,91.3395,45.1559,9.3633,91.3395,45.1559
355,LIVE,NEW_DATA,10.8448,90.9806,45.0116,10.8448,90.9806,45.0116
356,LIVE,NEW_DATA,11.5495,90.9079,45.1886,11.5495,90.9079,45.1886
357,LIVE,NEW_DATA,10.3628,91.1980,44.0381,10.3628,91.1980,44.0381
358,LIVE,NEW_DATA,11.5870,90.4744,44.6662,11.5870,90.4744,44.6662
359,LIVE,NEW_DATA,10.6368,91.8872,45.9318,10.6368,91.8872,45.9318
360,LIVE,NEW_DATA,9.9529,92.1425,46.2012,9.9529,92.1425,46.2012
361,LIVE,NEW_DATA,11.3713,91.6568,46.7171,11.3713,91.6568,46.7171
362,LIVE,NEW_DATA,10.1232,90.6852,49.2967,10.1232,90.6852,49.2967
363,LIVE,NEW_DATA,11.4219,90.5006,48.9649,11.4219,90.5006,48.9649
364,LIVE,NEW_DATA,9.9030,91.6881,48.3886,9.9030,91.6881,48.3886
365,LIVE,NEW_DATA,9.6671,92.8523,48.2836,9.6671,92.8523,48.2836
366,LIVE,NEW_DATA,11.3186,93.3663,48.5473,11.3186,93.3663,48.5473
367,LIVE,NEW_DATA,9.4521,93.8449,48.9517,9.4521,93.8449,48.9517
368,LIVE,NEW_DATA,10.5951,92.9586,49.2324,10.5951,92.9586,49.2324
369,LIVE,NEW_DATA,10.3579,92.6288,49.8399,10.3579,92.6288,49.8399
370,LIVE,NEW_DATA,11.8436,92.4186,50.4377,11.8436,92.4186,50.4377
371,LIVE,NEW_DATA,11.2943,92.3223,49.2388,11.2943,92.3223,49.2388
372,LIVE,NEW_DATA,9.5756,92.3506,49.5717,9.5756,92.3506,49.5717
373,LIVE,NEW_DATA,9.9012,92.5006,47.7800,9.9012,92.5006,47.7800
374,LIVE,NEW_DATA,10.7477,93.1881,47.6496,10.7477,93.1881,47.6496
375,LIVE,HOLD_LAST,9.6311,93.1881,47.6496,9.6311,93.1881,47.6496
376,LIVE,HOLD_LAST,9.6311,93.1881,47.6496,9.6311,93.1881,47.6496
377,LIVE,HOLD_LAST,9.6311,93.1881,47.6496,9.6311,93.1881,47.6496
378,LIVE,HOLD_LAST,9.6311,93.1881,47.6496,9.6311,93.1881,47.6496
379,LIVE,HOLD_LAST,9.6311,93.1881,47.6496,9.6311,93.1881,47.6496
