time,normEDA,normHRV,normHR,s_instant,s_t,height
1193.0000,8.5610,18.9880,27.5396,15.4848,,
1194.0000,8.9105,18.9880,27.2814,15.6079,,
1195.0000,8.8834,18.9880,27.2814,15.5944,,
1196.0000,6.5838,17.9809,25.7821,13.8426,,
1197.0000,8.5610,18.9880,27.5396,15.4848,,
1198.0000,6.0415,17.9809,25.3158,13.4782,,
1199.0000,8.3642,17.3181,27.1394,14.8054,,
1200.0000,8.3642,17.3181,27.1394,14.8054,,
1201.0000,8.4233,17.3181,27.1394,14.8350,,
1202.0000,8.4233,17.3181,27.1394,14.8350,,
1203.0000,5.7587,17.1193,24.5900,12.9331,,
1204.0000,8.2801,16.8345,26.4299,14.4764,,
1205.0000,5.8047,17.9809,25.3158,13.3598,,
1206.0000,8.0663,16.8345,26.4299,14.3695,,
1207.0000,8.0203,16.8345,26.4299,14.3465,,
1208.0000,7.1415,16.2100,26.3694,13.7077,,
1209.0000,5.7587,17.1193,24.5900,12.9331,,
1210.0000,6.6834,16.2100,26.3694,13.4786,,
1211.0000,7.1646,17.5020,26.6295,14.1588,,
1212.0000,7.1415,16.2100,26.3694,13.7077,,
1213.0000,4.7963,13.5986,24.1044,11.2986,,
1214.0000,7.1415,16.2100,26.3694,13.7077,,
1215.0000,7.0004,16.2100,26.3694,13.6371,,
1216.0000,6.6834,16.2100,26.3694,13.4786,,
1217.0000,6.8972,16.2100,26.3694,13.5855,,
1218.0000,6.8972,16.2100,26.3694,13.5855,,
1219.0000,6.7405,17.5020,26.3694,13.8947,,
1220.0000,4.6131,13.5986,24.1044,11.2070,,
1221.0000,6.7405,17.5020,26.3694,13.8947,,
1222.0000,6.5002,17.5020,26.3694,13.7746,,
1223.0000,6.7065,18.0321,26.0222,13.9673,,
1224.0000,6.7065,18.0321,26.0222,13.9673,,
1225.0000,4.5520,12.8152,24.1896,10.9585,,
1226.0000,6.7981,18.0321,26.0222,14.0131,,
1227.0000,6.7290,17.9809,25.7821,13.9152,,
1228.0000,4.2766,12.8152,24.0812,10.7991,,
1229.0000,6.4942,17.9809,25.7821,13.7978,,
1230.0000,4.5520,11.0481,23.2807,10.2466,,
1231.0000,6.0415,17.9809,25.3158,13.4782,,
1232.0000,6.4691,17.9809,25.7126,13.7714,,
1233.0000,6.1712,17.9809,25.7126,13.6224,,
1234.0000,6.1712,17.9809,25.7126,13.6224,,
1235.0000,5.5794,11.0481,23.2807,10.7603,,
1236.0000,9.2424,3.4937,22.3448,10.1383,,
1237.0000,6.3470,11.0481,23.2807,11.1441,,
1238.0000,7.5827,3.4937,22.3448,9.3084,,
1239.0000,5.9880,17.9809,25.3158,13.4514,,
1240.0000,8.2646,3.4937,22.3448,9.6494,,
1241.0000,5.7587,17.1193,24.5900,12.9331,,
1242.0000,5.7587,17.1193,24.5900,12.9331,13.2957,
1243.0000,5.4227,17.1193,24.5900,12.7651,13.2413,
1244.0000,5.1784,16.7409,24.4439,12.5002,13.1792,
1245.0000,5.1784,16.7409,24.4439,12.5002,13.1173,
1246.0000,5.1383,16.7409,24.4439,12.4802,13.0900,
1247.0000,5.1784,16.7409,24.4439,12.5002,13.0303,
1248.0000,5.1784,16.7409,24.4439,12.5002,13.0108,
1249.0000,5.1018,13.5986,24.1044,11.4514,12.9437,
1250.0000,4.9415,13.5986,24.1044,11.3712,12.8750,
1251.0000,4.6131,13.5986,24.1044,11.2070,12.8025,
1252.0000,12.3672,9.8528,21.5117,13.4418,12.7746,
1253.0000,4.5595,12.8152,24.1896,10.9622,12.7352,
1254.0000,4.5595,12.8152,24.1896,10.9622,12.6649,
1255.0000,11.7714,10.4037,21.7819,13.3632,12.6650,
1256.0000,13.5899,10.6716,21.5595,14.3084,12.6637,
1257.0000,4.5520,12.8152,24.1896,10.9585,12.5960,
1258.0000,4.5520,12.8152,24.1896,10.9585,12.5410,
1259.0000,4.5595,12.8152,24.1896,10.9622,12.5016,
1260.0000,4.2766,12.8152,24.0812,10.7991,12.4480,
1261.0000,13.2309,9.8528,21.5117,13.8736,12.4423,
1262.0000,4.4048,12.8152,24.0812,10.8632,12.3854,
1263.0000,15.1616,10.5644,21.4903,15.0482,12.4604,
1264.0000,4.5520,11.0481,23.2807,10.2466,12.3912,
1265.0000,4.6491,11.0481,23.2807,10.2951,12.3243,
1266.0000,4.6491,11.0481,23.2807,10.2951,12.2607,
1267.0000,15.5876,10.5644,21.4903,15.2612,12.2942,
1268.0000,5.1383,11.0481,23.2807,10.5397,12.2333,
1269.0000,9.2424,3.4937,22.3448,10.1383,12.1581,
1270.0000,6.3470,11.0481,23.2807,11.1441,12.1569,
1271.0000,6.3470,11.0481,23.2807,11.1441,12.1019,
1272.0000,7.5827,3.4937,22.3448,9.3084,12.0125,
1273.0000,10.4726,3.4937,22.4467,10.7737,11.9487,
1274.0000,8.2646,3.4937,22.3448,9.6494,11.8623,
1275.0000,9.2424,3.4937,22.3448,10.1383,11.8459,
1276.0000,9.7161,3.4937,22.4467,10.3955,11.7736,
1277.0000,15.2246,-0.7652,21.1383,11.6104,11.7275,
1278.0000,12.9555,6.2664,21.9977,12.7572,11.7666,
1279.0000,10.4726,3.4937,22.4467,10.7737,11.7061,
1280.0000,14.2238,6.9625,20.0127,13.2032,11.7653,
1281.0000,10.8987,3.4937,22.4467,10.9868,11.7154,
1282.0000,11.2502,12.7348,22.0057,13.8467,11.7169,
1283.0000,13.2825,6.2664,21.9977,12.9207,11.7029,
1284.0000,11.9702,-2.9036,21.6826,9.4505,11.6195,
1285.0000,12.0122,10.4037,21.7819,13.4836,11.6739,
1286.0000,11.5671,10.4037,21.7819,13.2611,11.7364,
1287.0000,11.6032,10.4037,21.7819,13.2791,11.7791,
1288.0000,11.7714,10.4037,21.7819,13.3632,11.8602,
1289.0000,11.7714,10.4037,21.7819,13.3632,11.8584,
1290.0000,12.7152,-2.9036,21.3847,9.7635,11.8607,
1291.0000,12.0122,10.4037,21.7819,13.4836,11.8717,
1292.0000,14.2163,10.6716,21.5595,14.6215,11.9055,
1293.0000,11.5501,-2.9036,21.6826,9.2405,11.8350,
1294.0000,13.2309,9.8528,21.5117,13.8736,11.8625,
1295.0000,13.5899,10.6716,21.5595,14.3084,11.8986,
1296.0000,14.0555,10.6716,21.5595,14.5412,11.9398,
1297.0000,15.3393,10.5644,21.4903,15.1370,11.9926,
1298.0000,14.2163,10.6716,21.5595,14.6215,12.0350,
1299.0000,15.5686,4.7269,20.1526,13.2329,12.0706,
1300.0000,14.9037,10.5644,21.4903,14.9192,12.1416,
1301.0000,14.9037,10.5644,21.4903,14.9192,12.2158,
1302.0000,15.1616,10.5644,21.4903,15.0482,12.2480,
1303.0000,15.2246,-0.7652,21.1383,11.6104,12.2609,
1304.0000,15.3393,10.5644,21.4903,15.1370,12.3444,
1305.0000,15.5876,10.5644,21.4903,15.2612,12.3824,
1306.0000,15.5876,10.5644,21.4903,15.2612,12.4015,
1307.0000,14.2238,6.9625,20.0127,13.2032,12.4463,
1308.0000,15.6317,10.5644,21.4903,15.2832,12.5328,
1309.0000,15.2837,-0.7652,21.1383,11.6400,12.5464,
1310.0000,15.4059,4.7269,20.1526,13.1516,12.5934,
1311.0000,15.4059,4.7269,20.1526,13.1516,12.5790,
1312.0000,12.9555,6.2664,21.9977,12.7572,12.6169,
1313.0000,14.2238,6.9625,20.0127,13.2032,12.5800,
1314.0000,14.2603,5.2497,19.5560,12.6163,12.6274,
1315.0000,13.7351,6.9625,20.0127,12.9588,12.6807,
1316.0000,11.9702,-2.9036,21.6826,9.4505,12.6638,
1317.0000,11.6567,-2.5571,18.0622,8.6737,12.5320,
1318.0000,12.9555,6.2664,21.9977,12.7572,12.5764,
1319.0000,12.3637,6.2664,21.9977,12.4613,12.6228,
1320.0000,12.2831,-2.9036,21.6826,9.6070,12.5921,
1321.0000,11.9627,-2.5571,18.0622,8.8267,12.5457,
1322.0000,12.2831,-2.9036,21.6826,9.6070,12.5517,
1323.0000,11.9702,-2.9036,21.6826,9.4505,12.5252,
1324.0000,12.7152,-2.9036,21.3847,9.7635,12.5275,
1325.0000,13.5669,5.3246,20.8521,12.5512,12.5758,
1326.0000,14.2102,5.3246,20.8521,12.8729,12.6253,
1327.0000,11.6723,-2.9036,21.3847,9.2420,12.5780,
1328.0000,10.4957,3.9058,17.8941,9.9984,12.5228,
1329.0000,9.9990,5.1834,17.5437,10.0632,12.5086,
1330.0000,15.5150,4.7269,20.1526,13.2061,12.5086,
1331.0000,13.5669,5.3246,20.8521,12.5512,12.5399,
1332.0000,14.2102,5.3246,20.8521,12.8729,12.5204,
1333.0000,14.2102,5.3246,20.8521,12.8729,12.5195,
1334.0000,15.6222,4.7269,20.1526,13.2597,12.5957,
1335.0000,15.0644,4.7269,20.1526,12.9808,12.5856,
1336.0000,15.5150,4.7269,20.1526,13.2061,12.5845,
1337.0000,15.5150,4.7269,20.1526,13.2061,12.5831,
1338.0000,15.5686,4.7269,20.1526,13.2329,12.5805,
1339.0000,15.6222,4.7269,20.1526,13.2597,12.5784,
1340.0000,14.6058,5.2497,19.5560,12.7890,12.6389,
1341.0000,15.6142,4.7269,20.1526,13.2557,12.6343,
1342.0000,15.4059,4.7269,20.1526,13.1516,12.6049,
1343.0000,15.4059,4.7269,20.1526,13.1516,12.6832,
1344.0000,13.3856,5.2497,19.1426,12.0962,12.6476,
1345.0000,15.0184,5.2497,19.5560,12.9953,12.6213,
1346.0000,9.9840,5.2621,17.2608,10.0228,12.5310,
1347.0000,14.2603,5.2497,19.5560,12.6163,12.4806,
1348.0000,9.7777,5.2942,16.4760,9.7723,12.3836,
1349.0000,9.5388,5.2942,16.4760,9.6529,12.3120,
1350.0000,11.6567,-2.5571,18.0622,8.6737,12.1871,
1351.0000,12.7112,5.2497,19.1426,11.7590,12.1239,
1352.0000,9.7777,5.2942,16.4760,9.7723,12.0183,
1353.0000,12.1915,-2.5571,18.0622,8.9411,11.9650,
1354.0000,12.1915,-2.5571,18.0622,8.9411,11.8410,
1355.0000,11.9627,-2.5571,18.0622,8.8267,11.7123,
1356.0000,10.1061,4.6525,17.8941,10.0276,11.6077,
1357.0000,11.3133,3.9058,17.8941,10.4072,11.5518,
1358.0000,11.3133,3.9058,17.8941,10.4072,11.4542,
1359.0000,10.8166,3.9058,17.8941,10.1589,11.4246,
1360.0000,8.0969,5.9123,15.7300,8.9681,11.3409,
1361.0000,8.7993,5.9123,16.0359,9.3805,11.2655,
1362.0000,9.9990,5.1834,17.5437,10.0632,11.2116,
1363.0000,8.6832,5.9123,16.0359,9.3225,11.1340,
1364.0000,10.1902,4.6525,17.8941,10.0697,11.0831,
1365.0000,10.1902,4.6525,17.8941,10.0697,11.0253,
1366.0000,9.8387,5.1834,17.5437,9.9831,11.0360,
1367.0000,9.8002,5.8317,17.2608,10.1018,11.0645,
1368.0000,7.5466,6.9142,14.3587,8.7193,10.9838,
1369.0000,10.0275,5.8317,17.2608,10.2154,10.9389,
1370.0000,7.9742,6.3100,15.0780,8.8957,10.9246,
1371.0000,9.8387,5.1834,17.5437,9.9831,10.9478,
1372.0000,9.8002,5.8317,17.2608,10.1018,10.9577,
1373.0000,9.8232,5.8317,17.2608,10.1133,10.9709,
1374.0000,9.8232,5.8317,17.2608,10.1133,10.9779,
1375.0000,10.0275,5.8317,17.2608,10.2154,10.9312,
1376.0000,9.9779,4.9989,16.8933,9.8673,10.8711,
1377.0000,9.9779,4.9989,16.8933,9.8673,10.8836,
1378.0000,10.1592,5.2621,17.2608,10.1104,10.8858,
1379.0000,9.9840,5.2621,17.2608,10.0228,10.8850,
1380.0000,9.9149,4.9989,16.8933,9.8358,10.8176,
1381.0000,9.5388,5.2942,16.4760,9.6529,10.7596,
1382.0000,7.0424,15.4704,12.5881,10.6800,10.7158,
1383.0000,9.9779,4.9989,16.8933,9.8673,10.6557,
1384.0000,9.9454,5.2942,16.4760,9.8562,10.5876,
1385.0000,9.7777,5.2942,16.4760,9.7723,10.5234,
1386.0000,7.0499,8.2101,13.1942,8.6268,10.4318,
1387.0000,9.7777,5.2942,16.4760,9.7723,10.3632,
1388.0000,9.5388,5.2942,16.4760,9.6529,10.2916,
1389.0000,9.1874,5.2942,16.2543,9.4328,10.2150,
1390.0000,6.8817,15.4704,12.5881,10.5996,10.1712,
1391.0000,6.8036,15.7746,11.5401,10.4422,10.1150,
1392.0000,9.0402,5.2942,16.2543,9.3592,10.0391,
1393.0000,9.0402,5.2942,16.2543,9.3592,9.9633,
1394.0000,6.6754,15.7746,11.5401,10.3781,9.9289,
1395.0000,8.6832,5.9123,16.0359,9.3225,9.8555,
1396.0000,6.6984,15.9134,10.9858,10.3204,9.8614,
1397.0000,6.6984,15.9134,10.9858,10.3204,9.8155,
1398.0000,6.5152,15.9134,10.9858,10.2288,9.8246,
1399.0000,6.8361,15.9134,10.9858,10.3892,9.8393,
1400.0000,7.6152,6.3100,15.0780,8.7162,9.8402,
1401.0000,7.5466,6.9142,14.3587,8.7193,9.7794,
1402.0000,6.9122,16.3517,10.6173,10.4851,9.7937,
1403.0000,7.9742,6.3100,15.0780,8.8957,9.7927,
1404.0000,7.5827,6.3100,15.0780,8.6999,9.7879,
1405.0000,7.4760,6.9142,14.3587,8.6840,9.7851,
1406.0000,7.6152,6.3100,15.0780,8.7162,9.7588,
1407.0000,7.4550,16.3517,10.2465,10.6823,9.7643,
1408.0000,7.5466,6.9142,14.3587,8.7193,9.7306,
1409.0000,7.5466,6.9142,14.3587,8.7193,9.7018,
1410.0000,7.4014,6.9142,14.3587,8.6467,9.6954,
1411.0000,7.4014,6.9142,14.3587,8.6467,9.6807,
1412.0000,7.4760,6.9142,14.3587,8.6840,9.6531,
1413.0000,7.2717,11.3335,11.3946,9.3148,9.6530,
1414.0000,7.0880,11.3335,9.3086,8.8057,9.6277,
1415.0000,7.0424,15.4704,12.5881,10.6800,9.6399,
1416.0000,7.0424,15.4704,12.5881,10.6800,9.6538,
1417.0000,7.1185,8.2101,13.1942,8.6611,9.6250,
1418.0000,6.8817,15.4704,12.5881,10.5996,9.6626,
1419.0000,6.8036,15.7746,11.5401,10.4422,9.6671,
1420.0000,7.0499,8.2101,13.1942,8.6268,9.6618,
1421.0000,6.7065,15.7746,11.5401,10.3936,9.6700,
1422.0000,5.9269,6.6094,13.0013,7.5465,9.6189,
1423.0000,7.0269,15.4704,12.5881,10.6722,9.6300,
1424.0000,6.8817,15.4704,12.5881,10.5996,9.6398,
1425.0000,6.8036,15.7746,11.5401,10.4422,9.6443,
1426.0000,6.5152,15.9134,10.9858,10.2288,9.6515,
1427.0000,6.6754,15.7746,11.5401,10.3781,9.6618,
1428.0000,6.6754,15.7746,11.5401,10.3781,9.6671,
1429.0000,6.6984,15.9134,10.9858,10.3204,9.6731,
1430.0000,6.9122,16.3517,10.6173,10.4851,9.6860,
1431.0000,5.4688,1.9801,13.2788,5.9842,9.6127,
1432.0000,5.5909,1.9801,13.2788,6.0452,9.5200,
1433.0000,6.8361,15.9134,10.9858,10.3892,9.5304,
1434.0000,5.3025,1.9801,13.2788,5.9011,9.4513,
1435.0000,7.4550,16.3517,10.2465,10.6823,9.4695,
1436.0000,7.3233,16.3517,10.2465,10.6164,9.5093,
1437.0000,7.3233,16.3517,10.2465,10.6164,9.5262,
1438.0000,5.4647,1.3982,13.2788,5.8076,9.4493,
1439.0000,7.3478,16.3517,10.2465,10.6287,9.4732,
1440.0000,5.4647,1.3982,13.2788,5.8076,9.3774,
1441.0000,7.4550,16.3517,10.2465,10.6823,9.3822,
1442.0000,7.0880,11.3335,9.3086,8.8057,9.3711,
1443.0000,5.2239,1.0564,13.5507,5.6390,9.2967,
1444.0000,5.1628,1.0564,13.5507,5.6085,9.2013,
1445.0000,7.2868,11.3335,11.3946,9.3223,9.2013,
1446.0000,7.2868,11.3335,11.3946,9.3223,9.1813,
1447.0000,4.9490,1.0564,13.7655,5.5445,9.0858,
1448.0000,4.6491,0.6244,13.7655,5.2650,8.9865,
1449.0000,7.0920,11.3335,9.3086,8.8077,8.9549,
1450.0000,4.8154,1.0564,13.7655,5.4777,8.8901,
1451.0000,6.3890,11.7490,8.4687,8.4130,8.8840,
1452.0000,6.9888,11.3335,9.3086,8.7562,8.8494,
1453.0000,6.6529,11.7490,8.4687,8.5449,8.8424,
1454.0000,6.0260,11.8307,8.6006,8.2823,8.8341,
1455.0000,6.7270,11.7490,8.4687,8.5819,8.8320,
1456.0000,6.3890,11.7490,8.4687,8.4130,8.8260,
1457.0000,6.3890,11.7490,8.4687,8.4130,8.7806,
1458.0000,4.5099,4.1515,13.0573,6.1119,8.7284,
1459.0000,6.3014,11.8307,8.6006,8.4200,8.7224,
1460.0000,5.5909,1.9801,13.2788,6.0452,8.6704,
1461.0000,5.4913,1.9801,13.2788,5.9954,8.6174,
1462.0000,4.5365,3.5309,9.9799,5.3235,8.5502,
1463.0000,5.8658,6.6094,13.0013,7.5160,8.5142,
1464.0000,5.8007,6.6094,13.0013,7.4834,8.4878,
1465.0000,5.8007,6.6094,13.0013,7.4834,8.4238,
1466.0000,5.5909,1.9801,13.2788,6.0452,8.3311,
1467.0000,5.4913,1.9801,13.2788,5.9954,8.2778,
1468.0000,4.3682,-0.3708,12.2580,4.5245,8.1563,
1469.0000,4.1850,-1.0143,16.3125,5.0507,8.0485,
1470.0000,5.4688,1.9801,13.2788,5.9842,7.9956,
1471.0000,4.0168,-1.0143,16.3125,4.9666,7.8871,
1472.0000,5.4647,1.3982,13.2788,5.8076,7.8523,
1473.0000,5.4647,1.3982,13.2788,5.8076,7.7550,
1474.0000,4.9490,1.0564,13.7655,5.5445,7.6539,
1475.0000,5.3386,1.3982,13.2788,5.7445,7.5600,
1476.0000,4.8154,1.0564,13.7655,5.4777,7.4649,
1477.0000,3.6713,-1.4808,15.4943,4.4903,7.3472,
1478.0000,4.5270,0.6244,13.7655,5.2039,7.2437,
1479.0000,3.3333,-2.1551,8.5198,2.7241,7.0918,
1480.0000,4.7122,1.0564,13.7655,5.4261,6.9906,
1481.0000,3.3333,-2.1551,8.5198,2.7241,6.9254,
1482.0000,3.3659,-2.1551,8.5198,2.7404,6.8593,
1483.0000,4.6817,4.1515,13.0573,6.1978,6.7755,
1484.0000,3.4209,-2.9794,6.2683,2.0703,6.6989,
1485.0000,3.4209,-2.9794,6.2683,2.0703,6.5266,
1486.0000,2.9323,-3.9395,7.2280,1.7299,6.3489,
1487.0000,2.9378,-3.9395,7.2280,1.7326,6.1712,
1488.0000,4.5270,0.6244,13.7655,5.2039,6.1591,
1489.0000,4.6491,0.6244,13.7655,5.2650,6.0519,
1490.0000,3.3368,-2.9794,6.2683,2.0282,5.9763,
1491.0000,2.7260,-4.3585,8.1855,1.6926,5.7965,
1492.0000,2.6439,-4.3585,8.1855,1.6515,5.6534,
1493.0000,4.6436,4.1515,13.0573,6.1787,5.6642,
1494.0000,4.5099,4.1515,13.0573,6.1119,5.6743,
1495.0000,4.5099,4.1515,13.0573,6.1119,5.6100,
1496.0000,4.5670,3.5309,9.9799,5.3388,5.5304,
1497.0000,4.3682,-0.3708,12.2580,4.5245,5.5100,
1498.0000,2.7260,-4.3585,8.1855,1.6926,5.4385,
1499.0000,4.5365,3.5309,9.9799,5.3235,5.3688,
1500.0000,4.5365,3.5309,9.9799,5.3235,5.3658,
1501.0000,4.4449,3.5309,9.9799,5.2777,5.3031,
1502.0000,4.4904,-0.3708,12.2580,4.5856,5.2196,
1503.0000,4.4293,-0.3708,12.2580,4.5550,5.1398,
1504.0000,4.4293,-0.3708,12.2580,4.5550,5.0653,
1505.0000,3.8796,-1.0143,16.3125,4.8980,4.9916,
1506.0000,4.3682,-0.3708,12.2580,4.5245,4.9138,
1507.0000,4.1850,-1.0143,16.3125,5.0507,4.8466,
1508.0000,4.0168,-1.0143,16.3125,4.9666,4.8237,
1509.0000,4.0168,-1.0143,16.3125,4.9666,4.7546,
1510.0000,4.0168,-1.0143,16.3125,4.9666,4.7331,
1511.0000,2.2388,-4.1573,7.9471,1.4617,4.6424,
1512.0000,3.8796,-1.0143,16.3125,4.8980,4.6339,
1513.0000,3.3659,-2.1551,8.5198,2.7404,4.5384,
1514.0000,3.7669,-1.4808,15.4943,4.5381,4.4795,
1515.0000,3.7669,-1.4808,15.4943,4.5381,4.4205,
1516.0000,3.6713,-1.4808,15.4943,4.4903,4.3894,
1517.0000,3.3333,-2.1551,8.5198,2.7241,4.3240,
1518.0000,3.5817,-2.1551,8.5198,2.8483,4.2905,
1519.0000,1.9850,-3.0467,7.5188,1.5822,4.2211,
1520.0000,3.3333,-2.1551,8.5198,2.7241,4.1559,
1521.0000,1.8969,-3.0467,7.5188,1.5382,4.0874,
1522.0000,3.3659,-2.1551,8.5198,2.7404,4.0260,
1523.0000,3.3659,-2.1551,8.5198,2.7404,3.9647,
1524.0000,3.4209,-2.9794,6.2683,2.0703,3.8952,
1525.0000,1.0602,-4.2675,1.2104,-0.5081,3.7701,
1526.0000,0.9325,-0.3768,-0.0461,0.3440,3.6675,
1527.0000,1.4978,-3.6974,1.9264,0.0250,3.5781,
1528.0000,1.3661,-3.6974,1.9264,-0.0409,3.4733,
1529.0000,0.7378,-0.3768,-0.0461,0.2466,3.4237,
1530.0000,3.4670,-2.9794,6.2683,2.0933,3.3570,
1531.0000,1.3661,-3.6974,1.9264,-0.0409,3.3017,
1532.0000,3.0544,-3.6671,6.2683,1.6807,3.2806,
1533.0000,1.3201,-4.2675,1.2104,-0.3781,3.1490,
1534.0000,2.6439,-4.3585,8.1855,1.6515,3.1407,
1535.0000,2.9378,-3.9395,7.2280,1.7326,3.1339,
1536.0000,2.9378,-3.9395,7.2280,1.7326,3.1340,
1537.0000,0.9325,-0.3768,-0.0461,0.3440,3.1062,
1538.0000,0.7318,-0.9909,-0.4555,-0.0225,3.0017,
1539.0000,2.6569,-4.3585,8.1855,1.6580,2.9295,
1540.0000,2.7260,-4.3585,8.1855,1.6926,2.9228,
1541.0000,2.4281,-3.6661,3.9465,0.9035,2.9070,
1542.0000,2.4356,-3.6661,3.9465,0.9073,2.8921,
1543.0000,2.3515,-3.6661,3.9465,0.8652,2.7859,
1544.0000,2.3054,-3.6661,3.9465,0.8422,2.6805,
1545.0000,0.1094,-1.4852,-0.4555,-0.4820,2.5486,
1546.0000,0.3402,-0.9909,-0.4555,-0.2182,2.4375,
1547.0000,2.4281,-3.6661,3.9465,0.9035,2.3650,
1548.0000,2.4356,-3.6661,3.9465,0.9073,2.3493,
1549.0000,0.2276,-1.4852,-0.4555,-0.4229,2.2344,
1550.0000,2.3515,-3.6661,3.9465,0.8652,2.1452,
1551.0000,1.9850,-3.0467,7.5188,1.5822,2.0713,
1552.0000,0.1094,-1.4852,-0.4555,-0.4820,1.9700,
1553.0000,1.8969,-3.0467,7.5188,1.5382,1.9096,
1554.0000,2.1377,-4.1573,7.9471,1.4111,1.8468,
1555.0000,1.5914,-3.0467,7.5188,1.3854,1.7765,
1556.0000,1.6640,-3.0467,7.5188,1.4217,1.7145,
1557.0000,2.0345,-3.0467,7.5188,1.6070,1.6456,
1558.0000,2.0345,-3.0467,7.5188,1.6070,1.5784,
1559.0000,1.9850,-3.0467,7.5188,1.5822,1.5107,
1560.0000,1.8969,-3.0467,7.5188,1.5382,1.4421,
1561.0000,6.2248,3.1154,-0.6948,3.9081,1.4911,
1562.0000,4.6491,-2.2620,-1.0527,1.4354,1.4218,
1563.0000,1.5914,-3.0467,7.5188,1.3854,1.3947,
1564.0000,1.0602,-4.2675,1.2104,-0.5081,1.2938,
1565.0000,6.8436,2.4222,-0.6948,4.0095,1.2832,
1566.0000,1.3661,-3.6974,1.9264,-0.0409,1.1926,
1567.0000,6.2248,3.1154,-0.6948,3.9081,1.2163,
1568.0000,6.6834,3.1154,-0.6948,4.1374,1.2421,
1569.0000,1.1213,-4.2675,1.2104,-0.4775,1.2009,
1570.0000,1.1213,-4.2675,1.2104,-0.4775,1.1368,
1571.0000,1.1213,-4.2675,1.2104,-0.4775,1.0965,
1572.0000,6.8742,1.4772,-0.7815,3.7240,1.1162,
1573.0000,0.9325,-0.3768,-0.0461,0.3440,1.0683,
1574.0000,0.7318,-0.9909,-0.4555,-0.0225,1.0264,
1575.0000,0.7378,-0.3768,-0.0461,0.2466,1.0415,
1576.0000,6.9468,1.3094,-0.6592,3.7344,1.1093,
1577.0000,0.5941,-0.7837,-0.0461,0.0527,1.1099,
1578.0000,0.2276,-1.4852,-0.4555,-0.4229,1.1022,
1579.0000,6.6048,1.4772,-0.7815,3.5893,1.1691,
1580.0000,0.1094,-1.4852,-0.4555,-0.4820,1.1176,
1581.0000,0.2201,-1.4852,-0.4555,-0.4266,1.1099,
1582.0000,6.4466,1.4772,-0.7815,3.5102,1.1464,
1583.0000,5.4532,-4.5902,-1.4823,1.0531,1.1751,
1584.0000,5.7281,-4.3259,-0.9640,1.3735,1.1695,
1585.0000,0.2276,-1.4852,-0.4555,-0.4229,1.1264,
1586.0000,1.6485,-2.2620,-1.4129,-0.1369,1.0890,
1587.0000,4.8614,-4.0318,-1.9331,0.8345,1.0988,
1588.0000,5.4532,-4.5902,-1.4823,1.0531,1.1203,
1589.0000,0.2446,-3.1200,-1.0261,-1.0189,1.0668,
1590.0000,1.2264,-2.2620,-1.4129,-0.3480,1.0260,
1591.0000,2.5502,-2.2620,-1.4129,0.3140,1.0142,
1592.0000,4.6491,-2.2620,-1.0527,1.4354,1.0248,
1593.0000,4.2616,-4.0385,-2.5801,0.4032,1.0155,
1594.0000,6.0951,3.1154,-0.6948,3.8432,1.0755,
1595.0000,4.0934,-2.2620,-1.0527,1.1575,1.1083,
1596.0000,4.6491,-2.2620,-1.0527,1.4354,1.1414,
1597.0000,4.6491,-2.2620,-1.0527,1.4354,1.1520,
1598.0000,4.2616,-4.0385,-2.5801,0.4032,1.1420,
1599.0000,4.2616,-4.0385,-2.5801,0.4032,1.1585,
1600.0000,3.7344,-3.9674,-3.8536,-0.0938,1.1393,
1601.0000,6.7370,2.4222,-0.6948,3.9562,1.1868,
1602.0000,6.7370,2.4222,-0.6948,3.9562,1.2755,
1603.0000,3.4820,-5.1817,-3.9614,-0.6058,1.2327,
1604.0000,3.8641,-3.4193,-3.5131,0.2036,1.2085,
1605.0000,3.3754,-5.1817,-3.9614,-0.6591,1.1676,
1606.0000,6.8436,2.4222,-0.6948,4.0095,1.2194,
1607.0000,6.6048,1.4772,-0.7815,3.5893,1.2590,
1608.0000,2.9092,-5.1817,0.4613,-0.0076,1.2267,
1609.0000,6.5898,1.4772,-0.7815,3.5818,1.2667,
1610.0000,3.3754,-5.1817,-3.9614,-0.6591,1.2228,
1611.0000,3.3754,-5.1817,-3.9614,-0.6591,1.1314,
1612.0000,5.7281,-4.3259,-0.9640,1.3735,1.1302,
1613.0000,6.5898,1.4772,-0.7815,3.5818,1.1741,
1614.0000,5.7281,-4.3259,-0.9640,1.3735,1.2118,
1615.0000,5.4532,-4.5902,-1.4823,1.0531,1.1526,
1616.0000,6.2478,-4.3259,-0.9640,1.6333,1.1861,
1617.0000,3.2913,-5.1817,0.4613,0.1834,1.1116,
1618.0000,5.2319,-4.5902,-1.4823,0.9424,1.0477,
1619.0000,5.7281,-4.3259,-0.9640,1.3735,1.0847,
1620.0000,2.8136,-7.1783,-4.5788,-1.6624,1.0610,
1621.0000,3.0775,-6.3696,-4.1951,-1.2111,1.0464,
1622.0000,5.4532,-4.5902,-1.4823,1.0531,0.9929,
1623.0000,5.2319,-4.5902,-1.4823,0.9424,1.0049,
1624.0000,5.2319,-4.5902,-1.4823,0.9424,1.0242,
1625.0000,4.2501,-4.0385,-2.5801,0.3975,1.0272,
1626.0000,2.8136,-7.1783,-4.5788,-1.6624,0.9193,
1627.0000,4.8614,-4.0318,-1.9331,0.8345,0.9349,
1628.0000,4.8614,-4.0318,-1.9331,0.8345,0.9601,
1629.0000,2.7871,-5.5466,-0.2555,-0.3216,0.8819,
1630.0000,2.7716,-5.5466,-0.2555,-0.3293,0.8849,
1631.0000,4.6491,-4.0318,-1.9331,0.7284,0.9080,
1632.0000,4.5134,-4.0385,-2.5801,0.5291,0.8484,
1633.0000,4.2501,-4.0385,-2.5801,0.3975,0.8353,
1634.0000,2.7791,-5.5466,-0.2555,-0.3256,0.8013,
1635.0000,2.7791,-5.5466,-0.2555,-0.3256,0.8032,
1636.0000,2.6724,-5.8612,-0.8153,-0.5852,0.7943,
1637.0000,3.9712,-3.4193,-3.5131,0.2572,0.7827,
1638.0000,2.6514,-6.6717,-0.8153,-0.8389,0.7449,
1639.0000,3.8641,-3.4193,-3.5131,0.2036,0.7693,
1640.0000,2.4431,-7.3623,-0.9251,-1.1722,0.7529,
1641.0000,3.7344,-3.9674,-3.8536,-0.0938,0.7447,
1642.0000,3.7113,-3.9674,-3.8536,-0.1053,0.7139,
1643.0000,3.4820,-5.1817,-3.9614,-0.6058,0.6937,
1644.0000,3.3754,-5.1817,-3.9614,-0.6591,0.6037,
1645.0000,3.3754,-5.1817,-3.9614,-0.6591,0.5673,
1646.0000,3.3754,-5.1817,-3.9614,-0.6591,0.5254,
1647.0000,2.5653,-7.3623,-0.9251,-1.1111,0.4745,
1648.0000,3.2853,-5.1817,0.4613,0.1804,0.4701,
1649.0000,2.9092,-5.1817,0.4613,-0.0076,0.4618,
1650.0000,2.5502,-11.1922,-0.6819,-2.2189,0.4193,
1651.0000,2.9092,-5.1817,0.4613,-0.0076,0.3401,
1652.0000,3.0274,-6.3696,-4.1951,-1.2362,0.2362,
1653.0000,3.1536,-5.1817,0.4613,0.1145,0.2506,
1654.0000,3.3293,-7.1783,-4.5788,-1.4046,0.2185,
1655.0000,2.8136,-7.1783,-4.5788,-1.6624,0.1984,
1656.0000,3.2853,-5.1817,0.4613,0.1804,0.1218,
1657.0000,3.2682,-6.3696,-4.1951,-1.1158,0.0277,
1658.0000,3.0775,-6.3696,-4.1951,-1.2111,0.0036,
1659.0000,2.2904,-16.2671,-0.6819,-3.8713,-0.1454,
1660.0000,3.0274,-6.3696,-4.1951,-1.2362,-0.1570,
1661.0000,2.7716,-5.5466,-0.2555,-0.3293,-0.1504,
1662.0000,2.8136,-7.1783,-4.5788,-1.6624,-0.2111,
1663.0000,2.6494,-5.5466,-0.2555,-0.3904,-0.2905,
1664.0000,2.8922,-5.5466,-0.2555,-0.2690,-0.3234,
1665.0000,2.7791,-5.5466,-0.2555,-0.3256,-0.3510,
1666.0000,1.8318,-17.6837,-4.7076,-5.3308,-0.4902,
1667.0000,2.7716,-5.5466,-0.2555,-0.3293,-0.5005,
1668.0000,2.7716,-5.5466,-0.2555,-0.3293,-0.5259,
1669.0000,2.6494,-5.5466,-0.2555,-0.3904,-0.5612,
1670.0000,2.7791,-5.5466,-0.2555,-0.3256,-0.5345,
1671.0000,2.7791,-5.5466,-0.2555,-0.3256,-0.5168,
1672.0000,2.7791,-5.5466,-0.2555,-0.3256,-0.5443,
1673.0000,2.7791,-5.5466,-0.2555,-0.3256,-0.5697,
1674.0000,2.7375,-5.8612,-0.8153,-0.5527,-0.5996,
1675.0000,2.5347,-5.8612,-0.8153,-0.6541,-0.6206,
1676.0000,2.5347,-5.8612,-0.8153,-0.6541,-0.6005,
1677.0000,2.5653,-7.3623,-0.9251,-1.1111,-0.6394,
1678.0000,1.5799,-19.6765,-4.5530,-6.0236,-0.7765,
1679.0000,2.6324,-6.6717,-0.8153,-0.8484,-0.7871,
1680.0000,2.6324,-6.6717,-0.8153,-0.8484,-0.7974,
1681.0000,2.6514,-6.6717,-0.8153,-0.8389,-0.8288,
1682.0000,2.4431,-7.3623,-0.9251,-1.1722,-0.8628,
1683.0000,2.4431,-7.3623,-0.9251,-1.1722,-0.8942,
1684.0000,2.5653,-7.3623,-0.9251,-1.1111,-0.9099,
1685.0000,2.5883,-7.3623,-0.9251,-1.0996,-0.9254,
1686.0000,1.5934,-22.3981,-4.4037,-6.8034,-1.0498,
1687.0000,2.5502,-11.1922,-0.6819,-2.2189,-1.0993,
1688.0000,1.3601,-22.3981,-4.4037,-6.9201,-1.2209,
1689.0000,1.3601,-22.3981,-4.4037,-6.9201,-1.3634,
1690.0000,1.2590,-21.7985,-4.5380,-6.8177,-1.4763,
1691.0000,2.2904,-16.2671,-0.6819,-3.8713,-1.5518,
1692.0000,2.4241,-16.2671,-0.6819,-3.8045,-1.6258,
1693.0000,2.3800,-16.2671,-0.6819,-3.8265,-1.6902,
1694.0000,2.1527,-16.2850,-5.2049,-4.8501,-1.7741,
1695.0000,1.3927,-21.7985,-4.5380,-6.7508,-1.8959,
1696.0000,2.1527,-16.2850,-5.2049,-4.8501,-1.9797,
1697.0000,2.2904,-16.2671,-0.6819,-3.8713,-2.0349,
1698.0000,2.0190,-17.0540,-5.2049,-5.1477,-2.1415,
1699.0000,1.0452,-21.7985,-4.5380,-6.9246,-2.2798,
1700.0000,2.1913,-16.2850,-5.2049,-4.8309,-2.3321,
1701.0000,2.1527,-16.2850,-5.2049,-4.8501,-2.4289,
1702.0000,1.8318,-17.6837,-4.7076,-5.3308,-2.5108,
1703.0000,1.7156,-17.6837,-4.7076,-5.3888,-2.6209,
1704.0000,1.7156,-17.6837,-4.7076,-5.3888,-2.7006,
1705.0000,2.0190,-17.0540,-5.2049,-5.1477,-2.7703,
1706.0000,2.0190,-17.0540,-5.2049,-5.1477,-2.8768,
1707.0000,1.6545,-19.1107,-4.9085,-5.8877,-2.9723,
1708.0000,1.9389,-17.0540,-5.2049,-5.1877,-3.0518,
1709.0000,1.9389,-17.0540,-5.2049,-5.1877,-3.0781,
1710.0000,1.9389,-17.0540,-5.2049,-5.1877,-3.1572,
1711.0000,1.9389,-17.0540,-5.2049,-5.1877,-3.2543,
1712.0000,1.5494,-19.1107,-4.9085,-5.9402,-3.3399,
1713.0000,0.5255,-22.7069,-6.2307,-7.7955,-3.4880,
1714.0000,1.8318,-17.6837,-4.7076,-5.3308,-3.5892,
1715.0000,1.7156,-17.6837,-4.7076,-5.3888,-3.6905,
1716.0000,1.4693,-19.6765,-4.5530,-6.0789,-3.7054,
1717.0000,1.6545,-19.1107,-4.9085,-5.8877,-3.8166,
1718.0000,1.4958,-19.1107,-4.9085,-5.9670,-3.9294,
1719.0000,1.5494,-19.1107,-4.9085,-5.9402,-4.0404,
1720.0000,1.4883,-22.3981,-4.4037,-6.8560,-4.1710,
1721.0000,1.5799,-19.6765,-4.5530,-6.0236,-4.2849,
1722.0000,1.5934,-22.3981,-4.4037,-6.8034,-4.4145,
1723.0000,1.4693,-19.6765,-4.5530,-6.0789,-4.5296,
1724.0000,1.5644,-19.6765,-4.5530,-6.0313,-4.6391,
1725.0000,1.5644,-19.6765,-4.5530,-6.0313,-4.7467,
1726.0000,1.4347,-22.3981,-4.4977,-6.9016,-4.8716,
1727.0000,1.4212,-22.3981,-4.4977,-6.9084,-4.9876,
1728.0000,1.5934,-22.3981,-4.4037,-6.8034,-5.0032,
1729.0000,1.3601,-22.3981,-4.4037,-6.9201,-5.1246,
1730.0000,1.5033,-22.3981,-4.4977,-6.8673,-5.2450,
1731.0000,1.4347,-22.3981,-4.4977,-6.9016,-5.3662,
1732.0000,0.4929,-24.3889,-5.7659,-8.2234,-5.5073,
1733.0000,1.0452,-21.7985,-4.5380,-6.9246,-5.6223,
1734.0000,1.0452,-21.7985,-4.5380,-6.9246,-5.7386,
1735.0000,1.4212,-22.3981,-4.4977,-6.9084,-5.8548,
1736.0000,1.3927,-21.7985,-4.5380,-6.7508,-5.8537,
1737.0000,1.3927,-21.7985,-4.5380,-6.7508,-5.9443,
1738.0000,1.1518,-22.7361,-5.2508,-7.2951,-5.9518,
1739.0000,1.2590,-21.7985,-4.5380,-6.8177,-5.9498,
1740.0000,1.0452,-21.7985,-4.5380,-6.9246,-5.9519,
1741.0000,1.1653,-21.9351,-4.9113,-6.9801,-6.0141,
1742.0000,1.0907,-21.9351,-4.9113,-7.0174,-6.0784,
1743.0000,1.0146,-25.2111,-5.4458,-8.1452,-6.1647,
1744.0000,0.8119,-22.0987,-5.8415,-7.3920,-6.2156,
1745.0000,0.8119,-22.0987,-5.8415,-7.3920,-6.2284,
1746.0000,0.8119,-22.0987,-5.8415,-7.3920,-6.2792,
1747.0000,0.7012,-21.7523,-6.5360,-7.4823,-6.3515,
1748.0000,0.9245,-22.0987,-5.8415,-7.3356,-6.3952,
1749.0000,1.2935,-22.7361,-5.2508,-7.2242,-6.4012,
1750.0000,0.8579,-22.0987,-5.8415,-7.3689,-6.4520,
1751.0000,0.7853,-21.5827,-5.8415,-7.2504,-6.5000,
1752.0000,0.7853,-21.5827,-5.8415,-7.2504,-6.5384,
1753.0000,0.4909,-23.0852,-6.0599,-7.8921,-6.5884,
1754.0000,1.5419,-22.7361,-5.1211,-7.0741,-6.6221,
1755.0000,0.6421,-22.7069,-6.2307,-7.7371,-6.6739,
1756.0000,0.5866,-24.3889,-5.7659,-8.1766,-6.7345,
1757.0000,0.6862,-22.7361,-5.1741,-7.5125,-6.7670,
1758.0000,0.4929,-23.0852,-6.0599,-7.8911,-6.8211,
1759.0000,0.4909,-23.0852,-6.0599,-7.8921,-6.8752,
1760.0000,0.5866,-24.3889,-5.7659,-8.1766,-6.9349,
1761.0000,0.8004,-18.6419,-5.2568,-6.2437,-6.9561,
1762.0000,0.8004,-18.6419,-5.2568,-6.2437,-6.9621,
1763.0000,0.4874,-24.3889,-5.7659,-8.2261,-6.9707,
1764.0000,0.4874,-24.3889,-5.7659,-8.2261,-7.0286,
1765.0000,0.4929,-24.3889,-5.7659,-8.2234,-7.0853,
1766.0000,0.1359,-23.9493,-5.9008,-8.2970,-7.1297,
1767.0000,0.4929,-24.3889,-5.7659,-8.2234,-7.1764,
1768.0000,0.5485,-25.3652,-5.7659,-8.4885,-7.2268,
1769.0000,0.3843,-25.3652,-5.7659,-8.5706,-7.2794,
1770.0000,0.3843,-25.3652,-5.7659,-8.5706,-7.3137,
1771.0000,0.0824,-24.9780,-5.9008,-8.6324,-7.3659,
1772.0000,0.0443,-24.9780,-5.9008,-8.6514,-7.4029,
1773.0000,0.4719,-25.2562,-5.7659,-8.4941,-7.4512,
1774.0000,0.7318,-25.2111,-5.4458,-8.2866,-7.4963,
1775.0000,1.2935,-22.7361,-5.2508,-7.2242,-7.5201,
1776.0000,0.7318,-25.2111,-5.4458,-8.2866,-7.5478,
1777.0000,1.0146,-25.2111,-5.4458,-8.1452,-7.5726,
1778.0000,-0.4904,-24.9780,-4.2609,-8.5908,-7.6083,
1779.0000,1.2935,-22.7361,-5.2508,-7.2242,-7.6144,
1780.0000,-0.6281,-24.9780,-4.2609,-8.6596,-7.6503,
1781.0000,-0.6206,-24.9780,-5.0497,-8.8136,-7.6885,
1782.0000,1.2935,-22.7361,-5.2508,-7.2242,-7.6685,
1783.0000,1.2935,-22.7361,-5.2508,-7.2242,-7.6745,
1784.0000,1.2935,-22.7361,-5.2508,-7.2242,-7.6805,
1785.0000,-0.7047,-27.0369,-5.5467,-9.5728,-7.7338,
1786.0000,-0.8494,-27.0369,-5.5467,-9.6451,-7.7917,
1787.0000,-0.8269,-27.0369,-5.5467,-9.6338,-7.8493,
1788.0000,0.6707,-18.6419,-5.2568,-6.3086,-7.8296,
1789.0000,1.0372,-22.7361,-5.1741,-7.3371,-7.8400,
1790.0000,1.0372,-22.7361,-5.1741,-7.3371,-7.8482,
1791.0000,-0.8494,-27.2576,-5.5467,-9.7113,-7.9029,
1792.0000,0.6862,-22.7361,-5.1741,-7.5125,-7.9128,
1793.0000,-0.9415,-27.2576,-5.5467,-9.7574,-7.9450,
1794.0000,-0.9415,-27.2576,-5.5467,-9.7574,-7.9923,
1795.0000,-1.2199,-26.4010,-4.8989,-9.5100,-8.0347,
1796.0000,-1.2850,-26.4010,-4.8989,-9.5426,-8.0777,
1797.0000,0.6021,-23.9493,-5.9008,-8.0639,-8.0893,
1798.0000,0.3192,-23.9493,-5.9008,-8.2054,-8.1067,
1799.0000,0.1359,-23.9493,-5.9008,-8.2970,-8.1282,
1800.0000,0.1359,-23.9493,-5.9008,-8.2970,-8.1467,
1801.0000,-0.7963,-30.5373,-4.4303,-10.4454,-8.2106,
1802.0000,-0.0914,-24.9780,-5.9008,-8.7192,-8.2400,
1803.0000,-0.3227,-24.9780,-4.2609,-8.5069,-8.2523,
1804.0000,0.0824,-24.9780,-5.9008,-8.6324,-8.2835,
1805.0000,-0.1660,-31.4961,-4.0192,-10.3356,-8.3354,
1806.0000,0.0518,-24.9780,-4.2609,-8.3197,-8.3383,
1807.0000,-0.4904,-24.9780,-4.2609,-8.5908,-8.3599,
1808.0000,-0.0243,-24.9780,-4.2609,-8.3577,-8.3692,
1809.0000,-0.3227,-24.9780,-4.2609,-8.5069,-8.3815,
1810.0000,-0.3227,-24.9780,-4.2609,-8.5069,-8.3881,
1811.0000,-0.1660,-31.4961,-4.0192,-10.3356,-8.4699,
1812.0000,-0.2461,-31.2093,-3.8315,-10.2521,-8.5501,
1813.0000,-0.4904,-24.9780,-4.2609,-8.5908,-8.5574,
1814.0000,-0.6206,-24.9780,-5.0497,-8.8136,-8.5692,
1815.0000,-0.6206,-24.9780,-5.0497,-8.8136,-8.5810,
1816.0000,-0.8269,-27.0369,-5.5467,-9.6338,-8.6077,
1817.0000,-0.2461,-24.9780,-5.0497,-8.6264,-8.6158,
1818.0000,0.0403,-29.7874,-4.0406,-9.7242,-8.6405,
1819.0000,0.0138,-29.7874,-4.0406,-9.7375,-8.6638,
1820.0000,-0.8494,-27.0369,-5.5467,-9.6451,-8.6853,
1821.0000,-0.0263,-29.7874,-4.0406,-9.7575,-8.7078,
1822.0000,-0.8269,-27.0369,-5.5467,-9.6338,-8.7274,
1823.0000,-0.6642,-27.2576,-5.5467,-9.6187,-8.7499,
1824.0000,-0.8494,-27.2576,-5.5467,-9.7113,-8.7784,
1825.0000,2.6934,-33.2919,-5.2129,-9.6834,-8.8276,
1826.0000,-0.9415,-27.2576,-5.5467,-9.7574,-8.8570,
1827.0000,-0.8494,-27.2576,-5.5467,-9.7113,-8.8884,
1828.0000,-1.2199,-26.4010,-4.8989,-9.5100,-8.9067,
1829.0000,-1.0712,-30.5373,-4.4303,-10.5829,-8.9739,
1830.0000,3.4745,-36.5434,-4.8999,-10.2057,-9.0048,
1831.0000,-1.1323,-26.4010,-4.8989,-9.4662,-9.0179,
1832.0000,-1.2775,-30.5373,-4.4303,-10.6860,-9.0871,
1833.0000,-0.1695,-31.7602,-4.4303,-10.4988,-9.1526,
1834.0000,-1.0712,-30.5373,-4.4303,-10.5829,-9.2198,
1835.0000,0.1434,-31.7602,-4.4303,-10.3424,-9.2352,
1836.0000,-0.4449,-30.5373,-4.4303,-10.2697,-9.2477,
1837.0000,-0.4449,-30.5373,-4.4303,-10.2697,-9.2604,
1838.0000,3.4900,-36.5434,-4.8999,-10.1980,-9.3382,
1839.0000,3.4900,-36.5434,-4.8999,-10.1980,-9.3954,
1840.0000,-0.2461,-31.2093,-3.8315,-10.2521,-9.4537,
1841.0000,0.0308,-31.4961,-4.0192,-10.2373,-9.4642,
1842.0000,0.0308,-31.4961,-4.0192,-10.2373,-9.5187,
1843.0000,3.4270,-37.6266,-5.1219,-10.5989,-9.5355,
1844.0000,-0.1660,-31.4961,-4.0192,-10.3356,-9.5471,
1845.0000,-0.2461,-31.2093,-3.8315,-10.2521,-9.5619,
1846.0000,-0.2461,-31.2093,-3.8315,-10.2521,-9.5761,
1847.0000,-0.2461,-31.2093,-3.8315,-10.2521,-9.6199,
1848.0000,2.6934,-37.5710,-4.9883,-10.9222,-9.6742,
1849.0000,0.0403,-29.7874,-4.0406,-9.7242,-9.7028,
1850.0000,0.0403,-29.7874,-4.0406,-9.7242,-9.7313,
1851.0000,2.0381,-39.6779,-4.9185,-11.8680,-9.7598,
1852.0000,0.5831,-29.7874,-4.0406,-9.4528,-9.7745,
1853.0000,0.0138,-29.7874,-4.0406,-9.7375,-9.7991,
1854.0000,2.1222,-39.6779,-4.9185,-11.8260,-9.8629,
1855.0000,1.7156,-26.8890,-0.0660,-7.2221,-9.8007,
1856.0000,2.0381,-39.6779,-4.9185,-11.8680,-9.8716,
1857.0000,0.5831,-29.7874,-4.0406,-9.4528,-9.8889,
1858.0000,1.7096,-43.2450,-4.5477,-13.0282,-9.9823,
1859.0000,0.9400,-26.8890,-0.0660,-7.6099,-9.9643,
1860.0000,1.7156,-26.8890,-0.0660,-7.2221,-9.9386,
1861.0000,1.7156,-26.8890,-0.0660,-7.2221,-9.8764,
1862.0000,1.7862,-43.2450,-4.5477,-12.9899,-9.9311,
1863.0000,3.4745,-36.5434,-4.8999,-10.2057,-9.9634,
1864.0000,3.4745,-36.5434,-4.8999,-10.2057,-9.9913,
1865.0000,3.3143,-33.2919,-5.2129,-9.3730,-10.0025,
1866.0000,3.3143,-33.2919,-5.2129,-9.3730,-9.9972,
1867.0000,3.4900,-36.5434,-4.8999,-10.1980,-10.0287,
1868.0000,3.3158,-37.6266,-5.1219,-10.6545,-10.0473,
1869.0000,3.4745,-36.5434,-4.8999,-10.2057,-10.0566,
1870.0000,3.3599,-36.5434,-4.8999,-10.2631,-10.0690,
1871.0000,3.4270,-37.6266,-5.1219,-10.5989,-10.0858,
1872.0000,3.4900,-36.5434,-4.8999,-10.1980,-10.0971,
1873.0000,3.4900,-36.5434,-4.8999,-10.1980,-10.1087,
1874.0000,3.3158,-37.6266,-5.1219,-10.6545,-10.1276,
1875.0000,3.4270,-37.6266,-5.1219,-10.5989,-10.1459,
1876.0000,3.4270,-37.6266,-5.1219,-10.5989,-10.1627,
1877.0000,1.9389,-46.3288,8.1727,-11.2946,-10.1944,
1878.0000,3.3293,-36.5984,-4.9883,-10.3125,-10.2104,
1879.0000,3.3293,-36.5984,-4.9883,-10.3125,-10.2050,
1880.0000,2.7946,-36.5984,-4.9883,-10.5799,-10.2125,
1881.0000,2.3209,-39.6779,-4.9185,-11.7266,-10.2577,
1882.0000,2.5347,-47.6015,8.4080,-11.3315,-10.2706,
1883.0000,2.7716,-48.3989,8.2236,-11.4892,-10.2904,
1884.0000,2.4431,-37.5710,-4.9883,-11.0474,-10.2997,
1885.0000,2.4431,-37.5710,-4.9883,-11.0474,-10.3138,
1886.0000,2.4431,-37.5710,-4.9883,-11.0474,-10.3294,
1887.0000,1.9274,-39.6779,-0.9956,-11.1388,-10.3467,
1888.0000,2.7716,-48.3989,8.2236,-11.4892,-10.3726,
1889.0000,2.0381,-39.6779,-4.9185,-11.8680,-10.4060,
1890.0000,1.7096,-43.2450,-4.5477,-13.0282,-10.4615,
1891.0000,1.8243,-39.6779,-0.9956,-11.1903,-10.4806,
1892.0000,1.8243,-39.6779,-0.9956,-11.1903,-10.4996,
1893.0000,1.9274,-39.6779,-0.9956,-11.1388,-10.5104,
1894.0000,2.0766,-39.6779,-0.9956,-11.0642,-10.5250,
1895.0000,1.4402,-42.3455,5.2899,-10.9255,-10.5385,
1896.0000,1.4402,-42.3455,5.2899,-10.9255,-10.5519,
1897.0000,1.7096,-43.2450,-4.5477,-13.0282,-10.6074,
1898.0000,2.2043,-49.0415,8.9483,-11.8207,-10.6254,
1899.0000,1.8723,-47.9700,8.9615,-11.6626,-10.6642,
1900.0000,1.5419,-43.2450,-4.5477,-13.1121,-10.7319,
1901.0000,1.4402,-42.3455,5.2899,-10.9255,-10.7131,
1902.0000,1.3125,-42.3455,5.2899,-10.9894,-10.7438,
1903.0000,2.0305,-49.0415,8.9483,-11.9075,-10.7872,
1904.0000,1.6640,-46.3288,8.1727,-11.4321,-10.7793,
1905.0000,1.3661,-43.2930,8.6523,-10.5744,-10.8464,
1906.0000,1.9389,-46.3288,8.1727,-11.2946,-10.8349,
1907.0000,1.9389,-46.3288,8.1727,-11.2946,-10.8718,
1908.0000,1.2264,-43.2930,8.6523,-10.6442,-10.8241,
1909.0000,1.6946,-43.2930,8.6523,-10.4101,-10.8801,
1910.0000,1.6640,-46.3288,8.1727,-11.4321,-10.9643,
1911.0000,2.5347,-47.6015,8.4080,-11.3315,-11.0465,
1912.0000,1.9389,-46.3288,8.1727,-11.2946,-11.0126,
1913.0000,1.9389,-46.3288,8.1727,-11.2946,-11.0343,
1914.0000,1.0872,-49.9079,9.4620,-12.5363,-11.0810,
1915.0000,2.2829,-46.3288,8.1727,-11.1227,-11.1159,
1916.0000,2.6609,-47.6015,8.4080,-11.2684,-11.1539,
1917.0000,1.1138,-49.9079,9.4620,-12.5231,-11.2004,
1918.0000,2.5347,-47.6015,8.4080,-11.3315,-11.2139,
1919.0000,1.0872,-49.9079,9.4620,-12.5363,-11.2605,
1920.0000,1.0872,-49.9079,9.4620,-12.5363,-11.3060,
1921.0000,2.6914,-49.0210,8.4815,-11.6643,-11.3273,
1922.0000,1.0872,-50.6003,9.1793,-12.8006,-11.3793,
1923.0000,1.1138,-49.9079,9.4620,-12.5231,-11.4258,
1924.0000,2.8406,-44.9905,8.6026,-10.3563,-11.4199,
1925.0000,1.1714,-49.9079,9.4620,-12.4943,-11.4578,
1926.0000,2.8021,-44.9905,8.6026,-10.3756,-11.4533,
1927.0000,2.6914,-49.0210,8.4815,-11.6643,-11.4607,
1928.0000,1.0297,-50.6003,9.1793,-12.8294,-11.5110,
1929.0000,2.3360,-49.0210,8.4815,-11.8420,-11.5416,
1930.0000,2.5733,-49.0210,8.4815,-11.7234,-11.5645,
1931.0000,2.5733,-49.0210,8.4815,-11.7234,-11.5644,
1932.0000,2.2043,-49.0415,8.9483,-11.8207,-11.5742,
1933.0000,2.2043,-49.0415,8.9483,-11.8207,-11.5809,
1934.0000,1.5874,-42.6646,14.0902,-9.1876,-11.5437,
1935.0000,2.0536,-49.0415,8.9483,-11.8960,-11.5606,
1936.0000,1.5874,-42.6646,14.0902,-9.1876,-11.5234,
1937.0000,0.8925,-49.3255,9.2479,-12.5018,-11.5507,
1938.0000,1.6560,-47.9700,8.9615,-11.7707,-11.5563,
1939.0000,1.6560,-47.9700,8.9615,-11.7707,-11.5544,
1940.0000,1.5724,-42.6646,14.0902,-9.1951,-11.4777,
1941.0000,1.5569,-48.9238,12.5578,-11.3871,-11.4817,
1942.0000,1.5874,-42.6646,14.0902,-9.1876,-11.4416,
1943.0000,1.6981,-42.6646,14.0902,-9.1323,-11.4015,
1944.0000,1.4422,-48.7951,9.3975,-12.0379,-11.4209,
1945.0000,1.6981,-42.6646,14.0902,-9.1323,-11.3851,
1946.0000,1.5569,-48.9238,12.5578,-11.3871,-11.3943,
1947.0000,1.6105,-48.9238,12.5578,-11.3604,-11.3610,
1948.0000,1.6105,-48.9238,12.5578,-11.3604,-11.3518,
1949.0000,1.6105,-48.9238,12.5578,-11.3604,-11.3457,
1950.0000,1.4422,-48.7951,9.3975,-12.0379,-11.3242,
1951.0000,1.1138,-49.9079,9.4620,-12.5231,-11.3562,
1952.0000,0.8389,-48.9389,-2.9101,-14.8442,-11.4333,
1953.0000,1.0872,-49.9079,9.4620,-12.5363,-11.4458,
1954.0000,1.0872,-49.9079,9.4620,-12.5363,-11.4679,
1955.0000,1.2630,-49.4155,11.6678,-11.8596,-11.4936,
1956.0000,1.1138,-49.9079,9.4620,-12.5231,-11.5182,
1957.0000,1.1138,-49.9079,9.4620,-12.5231,-11.5428,
1958.0000,1.1714,-49.9079,9.4620,-12.4943,-11.5798,
1959.0000,0.9150,-50.6003,9.4794,-12.8267,-11.6281,
1960.0000,1.0872,-50.6003,9.1793,-12.8006,-11.6555,
1961.0000,1.0872,-50.6003,9.1793,-12.8006,-11.6849,
1962.0000,1.0297,-50.6003,9.1793,-12.8294,-11.7156,
1963.0000,0.8925,-50.6003,9.4794,-12.8380,-11.7464,
1964.0000,0.9150,-50.6003,9.4794,-12.8267,-11.7522,
1965.0000,0.9150,-50.6003,9.4794,-12.8267,-11.7863,
1966.0000,0.5790,-49.3255,9.2479,-12.6586,-11.8141,
1967.0000,0.5790,-49.3255,9.2479,-12.6586,-11.8168,
1968.0000,0.5790,-49.3255,9.2479,-12.6586,-11.8434,
1969.0000,0.8925,-49.3255,9.2479,-12.5018,-11.8427,
1970.0000,0.8925,-49.3255,9.2479,-12.5018,-11.8420,
1971.0000,0.8925,-49.3255,9.2479,-12.5018,-11.8587,
1972.0000,0.8309,-36.5166,9.5002,-8.6395,-11.7755,
1973.0000,0.8309,-36.5166,9.5002,-8.6395,-11.6978,
1974.0000,1.3967,-39.9552,9.5002,-9.3882,-11.6785,
1975.0000,0.9536,-39.9552,9.5002,-9.6097,-11.6208,
1976.0000,0.9536,-39.9552,9.5002,-9.6097,-11.6055,
1977.0000,0.9536,-39.9552,9.5002,-9.6097,-11.5644,
1978.0000,3.1536,-49.9219,22.4386,-8.9121,-11.4860,
1979.0000,1.0602,-39.9552,9.5002,-9.5564,-11.4403,
1980.0000,0.9611,-48.9389,10.2226,-12.1566,-11.4490,
1981.0000,1.2895,-39.9552,9.5002,-9.4417,-11.4034,
1982.0000,1.2895,-39.9552,9.5002,-9.4417,-11.3558,
1983.0000,0.9455,-46.8139,-3.7286,-14.3171,-11.4057,
1984.0000,3.9557,-48.7984,14.4291,-9.7759,-11.4175,
1985.0000,0.8389,-48.9389,-2.9101,-14.8442,-11.4764,
1986.0000,0.9611,-48.9389,10.2226,-12.1566,-11.5358,
1987.0000,1.1293,-48.9389,10.2226,-12.0725,-11.5272,
1988.0000,1.1293,-48.9389,10.2226,-12.0725,-11.5333,
1989.0000,1.2630,-49.4155,11.6678,-11.8596,-11.5350,
1990.0000,3.9557,-48.7984,14.4291,-9.7759,-11.5467,
1991.0000,0.8389,-48.9389,-2.9101,-14.8442,-11.6158,
1992.0000,0.8389,-48.9389,-2.9101,-14.8442,-11.7289,
1993.0000,1.0297,-48.9389,-2.9101,-14.7488,-11.8413,
1994.0000,1.0297,-48.9389,-2.9101,-14.7488,-11.8955,
1995.0000,1.2630,-49.4155,11.6678,-11.8596,-11.9500,
1996.0000,1.5339,-49.4155,11.6678,-11.7242,-11.9568,
1997.0000,2.0040,-49.4155,11.6678,-11.4891,-11.9593,
1998.0000,2.0040,-49.4155,11.6678,-11.4891,-11.9619,
1999.0000,2.1452,-49.4155,-1.3796,-14.0280,-12.0153,
2000.0000,2.5042,-49.4155,-1.3796,-13.8485,-12.0515,
2001.0000,2.5042,-49.4155,-1.3796,-13.8485,-12.0780,
2002.0000,2.5042,-49.4155,-1.3796,-13.8485,-12.0581,
2003.0000,3.3523,-43.0830,11.3313,-8.9825,-11.9870,
2004.0000,3.3523,-43.0830,11.3313,-8.9825,-11.9159,
2005.0000,5.7056,-42.9016,22.1951,-5.5787,-11.7903,
2006.0000,5.9574,-41.8882,25.7976,-4.4282,-11.6284,
2007.0000,3.5586,-43.0830,11.3313,-8.8793,-11.5555,
2008.0000,3.5737,-44.1152,21.0363,-7.2405,-11.4504,
2009.0000,3.7269,-44.1152,21.0363,-7.1639,-11.3372,
2010.0000,3.9902,-44.1152,21.0363,-7.0322,-11.2218,
2011.0000,3.9902,-44.1152,21.0363,-7.0322,-11.1065,
2012.0000,5.5469,-43.3623,28.2832,-4.5786,-10.9414,
2013.0000,3.4900,-49.9219,22.4386,-8.7438,-10.8596,
2014.0000,3.3674,-49.9219,22.4386,-8.8052,-10.7791,
2015.0000,5.9269,-43.3623,28.2832,-4.3886,-10.6104,
2016.0000,3.1536,-49.9219,22.4386,-8.9121,-10.5354,
2017.0000,3.1536,-49.9219,22.4386,-8.9121,-10.4605,
2018.0000,3.3599,-49.9219,6.4191,-12.0128,-10.4476,
2019.0000,7.5086,-43.3623,28.2832,-3.5978,-10.2695,
2020.0000,7.6382,-44.7423,29.6373,-3.6761,-10.0930,
2021.0000,9.1283,-44.7423,29.1178,-3.0350,-9.9037,
2022.0000,3.3829,-49.9219,6.4191,-12.0013,-9.9709,
2023.0000,5.3806,-47.6211,22.7973,-7.0366,-9.9388,
2024.0000,5.4457,-47.6211,22.7973,-7.0040,-9.8911,
2025.0000,3.9557,-48.7984,14.4291,-9.7759,-9.8945,
2026.0000,5.7206,-44.9323,22.7831,-6.0628,-9.8235,
2027.0000,9.1283,-44.7423,29.1178,-3.0350,-9.6920,
2028.0000,5.8217,-44.9323,22.7831,-6.0122,-9.6340,
2029.0000,5.3806,-47.6211,22.7973,-7.0366,-9.5836,
2030.0000,5.3806,-47.6211,22.7973,-7.0366,-9.4812,
2031.0000,5.4457,-47.6211,22.7973,-7.0040,-9.4325,
2032.0000,5.7206,-44.9323,22.7831,-6.0628,-9.3649,
2033.0000,5.7206,-44.9323,22.7831,-6.0628,-9.1998,
2034.0000,5.8217,-44.9323,22.7831,-6.0122,-9.1245,
2035.0000,8.7688,-45.8100,14.6233,-6.4340,-8.9563,
2036.0000,8.7688,-45.8100,14.6233,-6.4340,-8.8419,
2037.0000,5.7131,-42.9016,22.1951,-5.5749,-8.7119,
2038.0000,5.7376,-41.8882,25.7976,-4.5381,-8.5613,
2039.0000,7.9497,-45.8100,20.0777,-5.7526,-8.4391,
2040.0000,5.7667,-41.8882,25.7976,-4.5236,-8.3341,
2041.0000,5.5469,-43.3623,28.2832,-4.5786,-8.1288,
2042.0000,5.9574,-41.8882,25.7976,-4.4282,-7.9204,
2043.0000,6.1943,-45.0187,20.3365,-6.3412,-7.7523,
2044.0000,5.7376,-41.8882,25.7976,-4.5381,-7.5481,
2045.0000,7.0424,-47.1564,20.8888,-6.4480,-7.4398,
2046.0000,5.5469,-43.3623,28.2832,-4.5786,-7.2969,
2047.0000,5.4688,-43.3623,28.2832,-4.6177,-7.1595,
2048.0000,5.4688,-43.3623,28.2832,-4.6177,-7.0221,
2049.0000,6.1943,-45.0187,20.3365,-6.3412,-6.8683,
2050.0000,5.9269,-43.3623,28.2832,-4.3886,-6.6791,
2051.0000,8.5169,-44.7423,29.6373,-3.2368,-6.4669,
2052.0000,6.5457,-43.3623,28.2832,-4.0792,-6.2715,
2053.0000,7.5086,-43.3623,28.2832,-3.5978,-6.1638,
2054.0000,4.6436,-48.5409,20.1747,-8.2055,-6.1483,
2055.0000,7.6382,-44.7423,29.6373,-3.6761,-6.1102,
2056.0000,5.3045,-45.0187,21.0282,-6.6477,-6.1546,
2057.0000,4.9951,-48.5409,20.1747,-8.0298,-6.1376,
2058.0000,8.5169,-44.7423,29.6373,-3.2368,-6.0576,
2059.0000,4.7353,-48.5409,20.1747,-8.1597,-6.0775,
2060.0000,8.7633,-44.7423,29.1178,-3.2175,-6.0012,
2061.0000,9.1283,-44.7423,29.1178,-3.0350,-5.9212,
2062.0000,9.1508,-45.2371,28.3913,-3.3175,-5.8960,
2063.0000,9.1283,-44.7423,29.1178,-3.0350,-5.7818,
2064.0000,9.2600,-45.2371,28.3913,-3.2629,-5.6710,
2065.0000,9.2600,-45.2371,28.3913,-3.2629,-5.6485,
2066.0000,9.2600,-45.2371,28.3913,-3.2629,-5.5355,
2067.0000,9.1508,-45.2371,28.3913,-3.3175,-5.4236,
2068.0000,3.9251,-53.5836,19.9967,-10.1132,-5.3856,
2069.0000,3.9251,-53.5836,19.9967,-10.1132,-5.5159,
2070.0000,3.9251,-53.5836,19.9967,-10.1132,-5.6447,
2071.0000,3.6347,-53.8773,20.3669,-10.2724,-5.7894,
2072.0000,7.9497,-45.8100,20.0777,-5.7526,-5.6644,
2073.0000,7.9497,-45.8100,20.0777,-5.7526,-5.6388,
2074.0000,3.7649,-53.8773,20.3669,-10.2074,-5.7028,
2075.0000,6.7520,-45.0187,20.3365,-6.0623,-5.6285,
2076.0000,3.7649,-53.8773,20.3669,-10.2074,-5.7114,
2077.0000,7.0805,-47.1564,20.8888,-6.4289,-5.7793,
2078.0000,7.0805,-47.1564,20.8888,-6.4289,-5.7877,
2079.0000,7.0805,-47.1564,20.8888,-6.4289,-5.7755,
2080.0000,6.7520,-45.0187,20.3365,-6.0623,-5.7560,
2081.0000,6.7520,-45.0187,20.3365,-6.0623,-5.7372,
2082.0000,3.1115,-50.6890,17.3423,-10.1825,-5.8196,
2083.0000,6.1943,-45.0187,20.3365,-6.3412,-5.8251,
2084.0000,3.1821,-53.0804,21.7155,-9.9899,-5.9047,
2085.0000,3.1155,-53.0804,21.7155,-10.0232,-5.9765,
2086.0000,5.8428,-45.0187,21.0282,-6.3786,-5.9754,
2087.0000,4.7353,-48.5409,20.1747,-8.1597,-6.0271,
2088.0000,4.6436,-48.5409,20.1747,-8.2055,-6.1004,
2089.0000,3.0850,-50.6890,17.3423,-10.1957,-6.1893,
2090.0000,5.3045,-45.0187,21.0282,-6.6477,-6.2318,
2091.0000,3.1000,-50.6890,17.3423,-10.1882,-6.3440,
2092.0000,3.0599,-50.6890,17.3423,-10.2083,-6.4596,
2093.0000,4.1164,-48.5409,20.4558,-8.4129,-6.5010,
2094.0000,4.7353,-48.5409,20.1747,-8.1597,-6.5734,
2095.0000,4.7353,-48.5409,20.1747,-8.1597,-6.6077,
2096.0000,4.7353,-48.5409,20.1747,-8.1597,-6.6793,
2097.0000,3.6347,-53.8773,20.3669,-10.2724,-6.7924,
2098.0000,2.6934,-49.1769,23.3083,-8.7447,-6.8749,
2099.0000,3.0469,-56.9905,17.6363,-12.0464,-6.9890,
2100.0000,4.1164,-48.5409,20.4558,-8.4129,-7.0695,
2101.0000,2.9548,-56.9905,17.6363,-12.0925,-7.2466,
2102.0000,3.7649,-53.8773,20.3669,-10.2074,-7.3692,
2103.0000,2.7871,-49.1769,23.3083,-8.6979,-7.4712,
2104.0000,3.9251,-53.5836,19.9967,-10.1132,-7.5093,
2105.0000,3.6347,-53.8773,20.3669,-10.2724,-7.6413,
2106.0000,3.7649,-53.8773,20.3669,-10.2074,-7.7125,
2107.0000,2.4391,-49.1769,23.3083,-8.8719,-7.7293,
2108.0000,3.7649,-53.8773,20.3669,-10.2074,-7.8687,
2109.0000,3.7649,-53.8773,20.3669,-10.2074,-7.9097,
2110.0000,1.9770,-49.0914,24.0420,-8.9305,-8.0239,
2111.0000,3.4670,-53.8773,22.1257,-10.0046,-8.1633,
2112.0000,1.5263,-50.5274,18.6720,-10.6606,-8.3102,
2113.0000,3.1155,-53.0804,21.7155,-10.0232,-8.4499,
2114.0000,1.8623,-49.0914,24.0420,-8.9879,-8.5644,
2115.0000,3.0735,-50.6890,17.3423,-10.2015,-8.7032,
2116.0000,1.6410,-50.5274,18.6720,-10.6033,-8.8500,
2117.0000,3.0620,-53.0654,21.5993,-10.0688,-8.9850,
2118.0000,1.6410,-50.5274,18.6720,-10.6033,-8.9949,
2119.0000,3.1155,-53.0804,21.7155,-10.0232,-8.9931,
2120.0000,3.1155,-53.0804,21.7155,-10.0232,-8.9913,
2121.0000,2.9989,-50.6890,17.3423,-10.2388,-8.9906,
2122.0000,3.0735,-50.6890,17.3423,-10.2015,-9.0796,
2123.0000,3.1115,-50.6890,17.3423,-10.1825,-9.1682,
2124.0000,3.1115,-50.6890,17.3423,-10.1825,-9.1677,
2125.0000,3.0599,-50.6890,17.3423,-10.2083,-9.2506,
2126.0000,3.0599,-50.6890,17.3423,-10.2083,-9.2506,
2127.0000,2.9989,-50.6890,17.3423,-10.2388,-9.3268,
2128.0000,2.9989,-50.6890,17.3423,-10.2388,-9.4030,
2129.0000,3.0850,-50.6890,17.3423,-10.1957,-9.4783,
2130.0000,0.4719,-50.5274,21.5050,-10.6213,-9.5695,
2131.0000,3.0850,-50.6890,17.3423,-10.1957,-9.6522,
2132.0000,3.0469,-56.9905,17.6363,-12.0464,-9.6895,
2133.0000,0.0043,-46.0638,21.4537,-9.5263,-9.7532,
2134.0000,2.4391,-49.1769,23.3083,-8.8719,-9.7308,
2135.0000,2.9548,-56.9905,17.6363,-12.0925,-9.7722,
2136.0000,2.2674,-49.1769,23.3083,-8.9577,-9.8238,
2137.0000,2.7871,-49.1769,23.3083,-8.6979,-9.8345,
2138.0000,1.9770,-49.0914,24.0420,-8.9305,-9.8490,
2139.0000,2.5958,-49.1769,23.3083,-8.7935,-9.8210,
2140.0000,2.4391,-49.1769,23.3083,-8.8719,-9.8655,
2141.0000,2.4391,-49.1769,23.3083,-8.8719,-9.8391,
2142.0000,-0.5134,-45.1051,21.8147,-9.4253,-9.8235,
2143.0000,1.6410,-50.5274,18.6720,-10.6033,-9.8673,
2144.0000,-0.4063,-46.2891,16.5527,-10.7793,-9.9197,
2145.0000,-0.4754,-45.1051,21.8147,-9.4063,-9.9446,
2146.0000,1.8623,-49.0914,24.0420,-8.9879,-9.9612,
2147.0000,-0.5134,-45.1051,21.8147,-9.4253,-9.9442,
2148.0000,1.8623,-49.0914,24.0420,-8.9879,-9.9491,
2149.0000,1.6410,-50.5274,18.6720,-10.6033,-9.9202,
2150.0000,1.6410,-50.5274,18.6720,-10.6033,-9.9640,
2151.0000,-1.0101,-45.1051,21.9326,-9.6501,-9.9152,
2152.0000,1.5263,-50.5274,18.6720,-10.6606,-9.9243,
2153.0000,1.5263,-50.5274,18.6720,-10.6606,-9.9635,
2154.0000,0.8199,-50.5274,23.9566,-9.9570,-9.9604,
2155.0000,0.8199,-50.5274,23.9566,-9.9570,-9.9541,
2156.0000,0.7127,-50.5274,21.5050,-10.5008,-9.9599,
2157.0000,1.1308,-50.5274,23.9566,-9.8015,-9.9785,
2158.0000,1.0106,-50.5274,23.9566,-9.8616,-9.9716,
2159.0000,0.9360,-50.5274,23.9566,-9.8989,-9.9655,
2160.0000,0.8199,-50.5274,23.9566,-9.9570,-9.9860,
2161.0000,-0.7963,-46.0616,22.8718,-9.6423,-9.9787,
2162.0000,0.7127,-50.5274,21.5050,-10.5008,-9.9755,
2163.0000,0.4719,-50.5274,21.5050,-10.6213,-9.9875,
2164.0000,0.4719,-50.5274,21.5050,-10.6213,-10.0202,
2165.0000,0.3978,-45.8185,21.5182,-9.2430,-10.0010,
2166.0000,-0.8574,-46.0616,20.7904,-10.0891,-9.9907,
2167.0000,0.0043,-46.0638,21.4537,-9.5263,-9.9799,
2168.0000,0.2236,-45.8185,21.5182,-9.3301,-9.9544,
2169.0000,-0.3452,-46.2891,16.5527,-10.7488,-9.9689,
2170.0000,0.1149,-46.0638,21.4537,-9.4710,-9.9579,
2171.0000,-0.9490,-45.7120,18.2994,-10.5283,-9.9637,
2172.0000,0.0043,-46.0638,21.4537,-9.5263,-9.9502,
2173.0000,-0.3452,-46.2891,16.5527,-10.7488,-9.9615,
2174.0000,-1.0332,-45.7120,19.1205,-10.4061,-9.9660,
2175.0000,-0.3452,-46.2891,16.5527,-10.7488,-9.9768,
2176.0000,-0.3452,-46.2891,16.5527,-10.7488,-9.9876,
2177.0000,-0.4063,-46.2891,16.5527,-10.7793,-9.9984,
2178.0000,-1.6440,-40.0332,19.0442,-9.0231,-9.9741,
2179.0000,-0.4754,-45.1051,21.8147,-9.4063,-9.9583,
2180.0000,-1.7837,-40.0332,19.0442,-9.0930,-9.9277,
2181.0000,-0.6892,-45.1051,21.8147,-9.5132,-9.9141,
2182.0000,-0.7448,-45.1051,21.9326,-9.5174,-9.8635,
2183.0000,-1.6365,-40.0332,19.0442,-9.0194,-9.8533,
2184.0000,-0.8269,-45.1051,21.9326,-9.5584,-9.8671,
2185.0000,-1.6365,-40.0332,19.0442,-9.0194,-9.8056,
2186.0000,-0.8724,-46.0616,22.8718,-9.6803,-9.8201,
2187.0000,-1.0101,-45.1051,21.9326,-9.6501,-9.8391,
2188.0000,-1.0101,-45.1051,21.9326,-9.6501,-9.8535,
2189.0000,-1.9209,-45.4451,21.4495,-10.3041,-9.8837,
2190.0000,-0.8724,-46.0616,22.8718,-9.6803,-9.8999,
2191.0000,-0.8724,-46.0616,22.8718,-9.6803,-9.9161,
2192.0000,-0.7923,-46.0616,20.7904,-10.0566,-9.9287,
2193.0000,-0.7963,-46.0616,22.8718,-9.6423,-9.9095,
2194.0000,-0.9335,-46.0616,20.7904,-10.1272,-9.8964,
2195.0000,-0.7963,-46.0616,22.8718,-9.6423,-9.9011,
2196.0000,-0.9490,-45.7120,18.2994,-10.5283,-9.9319,
2197.0000,-0.9490,-45.7120,18.2994,-10.5283,-9.9540,
2198.0000,-0.8574,-46.0616,20.7904,-10.0891,-9.9760,
2199.0000,-0.8574,-46.0616,20.7904,-10.0891,-9.9657,
2200.0000,-1.0482,-45.7120,19.1205,-10.4136,-9.9619,
2201.0000,-2.4156,-45.9731,21.4939,-10.7009,-9.9830,
2202.0000,-2.7595,-44.7775,18.1251,-11.1880,-9.9935,
2203.0000,-0.9490,-45.7120,18.2994,-10.5283,-9.9909,
2204.0000,-1.2184,-49.4093,21.3410,-11.1638,-10.0150,
2205.0000,-1.0862,-45.7120,18.2994,-10.5969,-10.0278,
2206.0000,-1.0332,-45.7120,19.1205,-10.4061,-10.0259,
2207.0000,-1.0482,-45.7120,19.1205,-10.4136,-10.0381,
2208.0000,-1.4893,-49.4093,21.3410,-11.2992,-10.0669,
2209.0000,-1.1398,-45.7120,19.1205,-10.4594,-10.0781,
2210.0000,-1.2184,-49.4093,21.3410,-11.1638,-10.1022,
2211.0000,-1.3616,-49.4093,21.3410,-11.2354,-10.1341,
2212.0000,-1.4893,-49.4093,21.3410,-11.2992,-10.1501,
2213.0000,-1.4893,-49.4093,21.3410,-11.2992,-10.1636,
2214.0000,-1.9039,-45.4451,21.4495,-10.2956,-10.1571,
2215.0000,-1.6440,-40.0332,19.0442,-9.0231,-10.1527,
2216.0000,-1.6365,-40.0332,19.0442,-9.0194,-10.1313,
2217.0000,-1.6365,-40.0332,19.0442,-9.0194,-10.1212,
2218.0000,-1.7837,-40.0332,19.0442,-9.0930,-10.1164,
2219.0000,-2.0090,-45.4451,21.4495,-10.3481,-10.1084,
2220.0000,-1.9039,-45.4451,21.4495,-10.2956,-10.1249,
2221.0000,-1.9039,-45.4451,21.4495,-10.2956,-10.1203,
2222.0000,-1.9209,-45.4451,21.4495,-10.3041,-10.1358,
2223.0000,-2.1352,-45.4451,21.4495,-10.4112,-10.1291,
2224.0000,-2.0776,-41.0964,19.1106,-9.5456,-10.1119,
2225.0000,2.9052,-42.4943,14.5329,-8.3891,-10.0647,
2226.0000,7.4605,-38.7773,14.9719,-4.9086,-9.9479,
2227.0000,-2.0300,-46.7933,18.0613,-11.4407,-9.9611,
2228.0000,5.2850,-43.5104,14.9264,-7.4253,-9.9291,
2229.0000,-2.4156,-45.9731,21.4939,-10.7009,-9.9550,
2230.0000,6.2939,-43.5104,14.9264,-6.9209,-9.9116,
2231.0000,-2.6414,-45.9731,21.4939,-10.8138,-9.9376,
2232.0000,-2.3355,-46.7933,18.0613,-11.5934,-9.9791,
2233.0000,-2.4156,-45.9731,21.4939,-10.7009,-10.0128,
2234.0000,-2.7140,-44.7775,18.1251,-11.1652,-10.0449,
2235.0000,-2.4156,-45.9731,21.4939,-10.7009,-10.0785,
2236.0000,-2.7595,-44.7775,18.1251,-11.1880,-10.1087,
2237.0000,-2.6414,-45.9731,21.4939,-10.8138,-10.1319,
2238.0000,-2.6259,-44.7775,18.1251,-11.1211,-10.1614,
2239.0000,-2.7140,-44.7775,18.1251,-11.1652,-10.1786,
2240.0000,-2.7140,-44.7775,18.1251,-11.1652,-10.2083,
2241.0000,-2.7595,-44.7775,18.1251,-11.1880,-10.2384,
2242.0000,-3.0880,-46.2713,15.3168,-12.3620,-10.2846,
2243.0000,-3.0650,-48.8498,17.6505,-12.6573,-10.3449,
2244.0000,17.7842,-43.7454,13.9670,-1.4381,-10.1711,
2245.0000,-3.0650,-48.8498,17.6505,-12.6573,-10.2314,
2246.0000,-3.2257,-46.2713,15.3168,-12.4309,-10.2694,
2247.0000,-1.2545,-45.6427,15.5916,-11.2017,-10.2829,
2248.0000,-3.0880,-46.2713,15.3168,-12.3620,-10.3284,
2249.0000,-2.9583,-46.2713,15.3168,-12.2972,-10.3725,
2250.0000,-2.7881,-45.6427,15.5916,-11.9685,-10.4036,
2251.0000,-2.0626,-45.6427,15.5916,-11.6058,-10.4217,
2252.0000,-2.0626,-45.6427,15.5916,-11.6058,-10.4301,
2253.0000,-1.2545,-45.6427,15.5916,-11.2017,-10.4435,
2254.0000,20.4809,-42.7700,12.7878,-0.0330,-10.2209,
2255.0000,20.4964,-41.8129,13.6766,0.4396,-10.0002,
2256.0000,1.2665,-42.4943,14.5329,-9.2085,-9.9762,
2257.0000,20.7102,-41.8129,13.6766,0.5465,-9.7570,
2258.0000,2.9052,-42.4943,14.5329,-8.3891,-9.6988,
2259.0000,8.3107,-38.7773,14.9719,-4.4835,-9.5793,
2260.0000,9.1358,-38.7773,14.9719,-4.0709,-9.4375,
2261.0000,9.1358,-38.7773,14.9719,-4.0709,-9.2942,
2262.0000,22.8491,-41.8608,11.3411,1.1346,-9.0455,
2263.0000,6.2939,-43.5104,14.9264,-6.9209,-8.9579,
2264.0000,22.7405,-41.8608,11.3411,1.0802,-8.7304,
2265.0000,22.4446,-41.8608,11.3411,0.9323,-8.5313,
2266.0000,22.7385,-41.8608,11.3411,1.0792,-8.3293,
2267.0000,13.1638,-38.7773,13.2954,-2.3922,-8.1968,
2268.0000,10.0275,-38.7773,14.9719,-3.6250,-8.0874,
2269.0000,15.4920,-44.8874,12.2968,-3.2609,-7.9457,
2270.0000,16.3842,-44.8874,12.2968,-2.8147,-7.7961,
2271.0000,22.4446,-41.8608,11.3411,0.9323,-7.5715,
2272.0000,13.1638,-38.7773,13.2954,-2.3922,-7.4133,
2273.0000,14.3975,-44.8874,12.2968,-3.8081,-7.2812,
2274.0000,22.1847,-38.4130,12.7872,2.1259,-7.0478,
2275.0000,18.5843,-43.7454,13.9670,-1.0381,-6.9008,
2276.0000,17.7842,-43.7454,13.9670,-1.4381,-6.8314,
2277.0000,17.7842,-43.7454,13.9670,-1.4381,-6.6313,
2278.0000,20.2956,-42.7700,12.7878,-0.1256,-6.4853,
2279.0000,18.5843,-43.7454,13.9670,-1.0381,-6.2920,
2280.0000,18.5843,-43.7454,13.9670,-1.0381,-6.1744,
2281.0000,18.5843,-43.7454,13.9670,-1.0381,-5.9789,
2282.0000,20.2956,-42.7700,12.7878,-0.1256,-5.7495,
2283.0000,20.2956,-42.7700,12.7878,-0.1256,-5.5380,
2284.0000,20.2956,-42.7700,12.7878,-0.1256,-5.3172,
2285.0000,20.2956,-42.7700,12.7878,-0.1256,-5.1057,
2286.0000,20.4809,-42.7700,12.7878,-0.0330,-4.8826,
2287.0000,20.4809,-42.7700,12.7878,-0.0330,-4.6670,
2288.0000,20.4964,-41.8129,13.6766,0.4396,-4.4358,
2289.0000,20.4964,-41.8129,13.6766,0.4396,-4.2037,
2290.0000,17.0927,-41.3032,10.3397,-1.7767,-4.0159,
2291.0000,20.9660,-38.9406,14.0065,1.6021,-3.7601,
2292.0000,16.2025,-39.3934,13.5873,-0.9993,-3.5329,
2293.0000,21.8638,-38.9406,14.0065,2.0510,-3.2387,
2294.0000,21.8638,-38.9406,14.0065,2.0510,-3.1689,
2295.0000,16.6761,-38.2363,14.3127,-0.2703,-2.9212,
2296.0000,19.9882,-33.9890,15.1700,2.8314,-2.6159,
2297.0000,22.4596,-41.1751,14.7220,1.8217,-2.3555,
2298.0000,17.1728,-38.2363,14.3127,-0.0219,-2.1087,
2299.0000,17.1728,-38.2363,14.3127,-0.0219,-1.8632,
2300.0000,19.1440,-33.9890,15.1700,2.4093,-1.5756,
2301.0000,22.1847,-38.4130,12.7872,2.1259,-1.3010,
2302.0000,21.6805,-38.4130,12.7872,1.8738,-1.0314,
2303.0000,22.4446,-41.8608,11.3411,0.9323,-0.7887,
2304.0000,22.4446,-41.8608,11.3411,0.9323,-0.7694,
2305.0000,21.3901,-42.3618,14.6530,0.9171,-0.7598,
2306.0000,22.1847,-38.4130,12.7872,2.1259,-0.5331,
2307.0000,21.6805,-38.4130,12.7872,1.8738,-0.5066,
2308.0000,22.4751,-31.7252,15.8967,4.8993,-0.2408,
2309.0000,19.3123,-41.3032,10.9019,-0.5545,-0.1623,
2310.0000,22.9563,-29.1738,16.3073,5.9874,0.0389,
2311.0000,21.0291,-42.3618,14.6530,0.7366,0.1351,
2312.0000,21.0291,-42.3618,14.6530,0.7366,0.1271,
2313.0000,18.0340,-41.3032,10.3397,-1.3060,0.2394,
2314.0000,23.4740,-31.7229,17.7694,5.7740,0.3333,
2315.0000,23.3974,-30.6782,18.3999,6.1752,0.4381,
2316.0000,18.2042,-41.3032,10.9019,-1.1085,0.3944,
2317.0000,17.0927,-41.3032,10.3397,-1.7767,0.4067,
2318.0000,23.5806,-30.6782,18.3999,6.2668,0.6045,
2319.0000,17.5854,-41.3032,10.3397,-1.5303,0.6391,
2320.0000,23.3974,-30.6782,18.3999,6.1752,0.8189,
2321.0000,17.0927,-41.3032,10.3397,-1.7767,0.7648,
2322.0000,16.1950,-38.2363,14.3127,-0.5109,0.8024,
2323.0000,17.0927,-41.3032,10.3397,-1.7767,0.8430,
2324.0000,16.5920,-39.3934,13.5873,-0.8046,0.7844,
2325.0000,22.5131,-28.3045,17.2570,6.2166,0.9295,
2326.0000,16.2025,-39.3934,13.5873,-0.9993,0.9383,
2327.0000,21.8788,-26.4820,17.9009,6.5750,1.0985,
2328.0000,16.6761,-38.2363,14.3127,-0.2703,1.0956,
2329.0000,20.7693,-25.6781,18.5839,6.3980,1.2444,
2330.0000,16.6761,-38.2363,14.3127,-0.2703,1.2597,
2331.0000,17.1728,-38.2363,14.3127,-0.0219,1.2800,
2332.0000,20.1674,-25.6781,18.5839,6.0971,1.4045,
2333.0000,18.2919,-33.9890,15.1700,1.9832,1.4467,
2334.0000,19.5411,-25.6781,18.5839,5.7839,1.5649,
2335.0000,18.1432,-25.6836,18.4708,5.0607,1.6686,
2336.0000,21.2069,-31.7252,15.8967,4.2652,1.7546,
2337.0000,18.1432,-25.6836,18.4708,5.0607,1.8564,
2338.0000,17.5088,-25.6836,18.4708,4.7435,1.9425,
2339.0000,14.1397,-15.9688,19.6925,6.2177,2.0581,
2340.0000,16.7968,-24.7034,19.1449,4.8164,2.1899,
2341.0000,15.5150,-24.7034,19.1449,4.1755,2.2414,
2342.0000,22.9563,-29.1738,16.3073,5.9874,2.3811,
2343.0000,14.7585,-24.7034,19.1449,3.7972,2.4161,
2344.0000,22.9563,-29.1738,16.3073,5.9874,2.4948,
2345.0000,11.9431,-20.9053,20.2816,3.7563,2.5753,
2346.0000,23.3688,-31.7229,17.7694,5.7214,2.6331,
2347.0000,13.1999,-15.9688,19.6925,5.7478,2.7116,
2348.0000,23.4740,-31.7229,17.7694,5.7740,2.8276,
2349.0000,23.1470,-28.3045,17.2570,6.5336,2.9587,
2350.0000,23.4680,-30.6782,18.3999,6.2105,3.0347,
2351.0000,23.5806,-30.6782,18.3999,6.2668,3.1175,
2352.0000,23.5806,-30.6782,18.3999,6.2668,3.2054,
2353.0000,11.5726,-20.1013,20.7217,3.9003,3.2647,
2354.0000,23.3974,-30.6782,18.3999,6.1752,3.3696,
2355.0000,11.2327,-20.1013,20.7217,3.7303,3.4259,
2356.0000,21.3746,-26.4820,17.9009,6.3229,3.5098,
2357.0000,22.5131,-28.3045,17.2570,6.2166,3.5967,
2358.0000,10.9232,-20.1013,20.7217,3.5756,3.5702,
2359.0000,9.5023,-12.8842,21.2948,5.1448,3.6842,
2360.0000,21.8788,-26.4820,17.9009,6.5750,3.6959,
2361.0000,19.5411,-25.6781,18.5839,5.7839,3.7969,
2362.0000,21.3746,-26.4820,17.9009,6.3229,3.9086,
