tick_n,phase,status,raw_eda,raw_hr,raw_hrv
1,BASELINE,NEW_DATA,4.9522,nan,nan
2,BASELINE,NEW_DATA,4.9484,nan,nan
3,BASELINE,NEW_DATA,4.9454,nan,nan
4,BASELINE,NEW_DATA,4.9469,nan,nan
5,BASELINE,NEW_DATA,4.9397,nan,nan
6,BASELINE,NEW_DATA,4.9393,nan,nan
7,BASELINE,NEW_DATA,4.9370,nan,nan
8,BASELINE,NEW_DATA,4.9339,nan,nan
9,BASELINE,NEW_DATA,4.9324,nan,nan
10,BASELINE,NEW_DATA,4.9316,nan,nan
11,BASELINE,NEW_DATA,4.9305,nan,nan
12,BASELINE,NEW_DATA,4.9267,nan,nan
13,BASELINE,NEW_DATA,4.9263,nan,nan
14,BASELINE,NEW_DATA,4.9225,nan,nan
15,BASELINE,NEW_DATA,4.9210,nan,nan
16,BASELINE,NEW_DATA,4.9210,110.5991,nan
17,BASELINE,NEW_DATA,4.9255,110.5991,nan
18,BASELINE,NEW_DATA,4.9187,110.5991,nan
19,BASELINE,NEW_DATA,4.9179,110.5991,nan
20,BASELINE,NEW_DATA,4.9164,110.5991,nan
21,BASELINE,NEW_DATA,4.9194,70.5882,nan
22,BASELINE,NEW_DATA,4.9164,70.5882,nan
23,BASELINE,NEW_DATA,4.9179,70.5882,nan
24,BASELINE,NEW_DATA,4.9164,70.5882,nan
25,BASELINE,NEW_DATA,4.9183,70.5882,nan
26,BASELINE,NEW_DATA,4.9107,70.5882,nan
27,BASELINE,NEW_DATA,4.9049,70.5882,nan
28,BASELINE,NEW_DATA,4.9011,70.5882,nan
29,BASELINE,NEW_DATA,4.9011,70.5882,nan
30,BASELINE,NEW_DATA,4.9030,70.5882,nan
31,BASELINE,NEW_DATA,4.9011,70.5882,nan
32,BASELINE,NEW_DATA,4.8988,70.5882,nan
33,BASELINE,NEW_DATA,4.9015,70.5882,nan
34,BASELINE,NEW_DATA,4.8985,70.5882,nan
35,BASELINE,NEW_DATA,4.8973,70.5882,nan
36,BASELINE,NEW_DATA,4.8935,60.7595,nan
37,BASELINE,NEW_DATA,4.8958,60.7595,nan
38,BASELINE,NEW_DATA,4.8904,60.7595,nan
39,BASELINE,NEW_DATA,4.8908,60.7595,nan
40,BASELINE,NEW_DATA,4.8897,60.7595,nan
41,BASELINE,NEW_DATA,4.8859,71.7132,nan
42,BASELINE,NEW_DATA,4.8851,71.7132,nan
43,BASELINE,NEW_DATA,4.8843,71.7132,nan
44,BASELINE,NEW_DATA,4.8836,71.7132,nan
45,BASELINE,NEW_DATA,4.8843,71.7132,nan
46,BASELINE,NEW_DATA,4.8805,60.7595,nan
47,BASELINE,NEW_DATA,4.8782,60.7595,nan
48,BASELINE,NEW_DATA,4.8782,60.7595,nan
49,BASELINE,NEW_DATA,4.8805,60.7595,nan
50,BASELINE,NEW_DATA,4.8828,60.7595,nan
51,BASELINE,NEW_DATA,4.8782,64.1711,nan
52,BASELINE,NEW_DATA,4.8771,64.1711,nan
53,BASELINE,NEW_DATA,4.8786,64.1711,nan
54,BASELINE,NEW_DATA,4.8782,64.1711,nan
55,BASELINE,NEW_DATA,4.8771,66.6667,nan
56,BASELINE,NEW_DATA,4.8786,66.6667,nan
57,BASELINE,NEW_DATA,4.8798,66.6667,nan
58,BASELINE,NEW_DATA,4.8805,66.6667,nan
59,BASELINE,NEW_DATA,4.8798,66.6667,nan
60,BASELINE,NEW_DATA,4.8790,68.1044,nan
61,BASELINE,NEW_DATA,4.8801,68.1044,nan
62,BASELINE,NEW_DATA,4.8828,68.1044,nan
63,BASELINE,NEW_DATA,4.8813,68.1044,nan
64,BASELINE,NEW_DATA,4.8813,68.1044,nan
65,BASELINE,NEW_DATA,4.8798,68.1044,nan
66,BASELINE,NEW_DATA,4.8809,68.1044,nan
67,BASELINE,NEW_DATA,4.8798,68.1044,nan
68,BASELINE,NEW_DATA,4.8767,68.1044,nan
69,BASELINE,NEW_DATA,4.8805,68.1044,nan
70,BASELINE,NEW_DATA,4.8775,69.0979,nan
71,BASELINE,NEW_DATA,4.8744,69.0979,nan
72,BASELINE,NEW_DATA,4.8752,69.0979,nan
73,BASELINE,NEW_DATA,4.8744,69.0979,nan
74,BASELINE,NEW_DATA,4.8729,69.0979,nan
75,BASELINE,NEW_DATA,4.8729,69.9417,nan
76,BASELINE,NEW_DATA,4.8710,69.9417,nan
77,BASELINE,NEW_DATA,4.8691,69.9417,nan
78,BASELINE,NEW_DATA,4.8706,69.9417,nan
79,BASELINE,NEW_DATA,4.8706,69.9417,nan
80,BASELINE,NEW_DATA,4.8706,69.9417,nan
81,BASELINE,NEW_DATA,4.8691,69.9417,nan
82,BASELINE,NEW_DATA,4.8676,69.9417,nan
83,BASELINE,NEW_DATA,4.8676,69.9417,nan
84,BASELINE,NEW_DATA,4.8676,69.9417,nan
85,BASELINE,NEW_DATA,4.8664,70.8487,nan
86,BASELINE,NEW_DATA,4.8649,70.8487,nan
87,BASELINE,NEW_DATA,4.8733,70.8487,nan
88,BASELINE,NEW_DATA,4.8660,70.8487,nan
89,BASELINE,NEW_DATA,4.8645,70.8487,nan
90,BASELINE,NEW_DATA,4.8630,70.8487,nan
91,BASELINE,NEW_DATA,4.8634,70.8487,nan
92,BASELINE,NEW_DATA,4.8622,70.8487,nan
93,BASELINE,NEW_DATA,4.8603,70.8487,nan
94,BASELINE,NEW_DATA,4.8599,70.8487,nan
95,BASELINE,NEW_DATA,4.8649,71.2871,nan
96,BASELINE,NEW_DATA,4.8576,71.2871,nan
97,BASELINE,NEW_DATA,4.8584,71.2871,nan
98,BASELINE,NEW_DATA,4.8569,71.2871,nan
99,BASELINE,NEW_DATA,4.8561,71.2871,nan
100,BASELINE,NEW_DATA,4.8538,70.8382,nan
101,BASELINE,NEW_DATA,4.8523,70.8382,nan
102,BASELINE,NEW_DATA,4.8523,70.8382,nan
103,BASELINE,NEW_DATA,4.8492,70.8382,nan
104,BASELINE,NEW_DATA,4.8531,70.8382,nan
105,BASELINE,NEW_DATA,4.8462,70.8382,nan
106,BASELINE,NEW_DATA,4.8447,70.8382,nan
107,BASELINE,NEW_DATA,4.8431,70.8382,nan
108,BASELINE,NEW_DATA,4.8424,70.8382,nan
109,BASELINE,NEW_DATA,4.8401,69.9153,nan
110,BASELINE,NEW_DATA,4.8409,69.9153,nan
111,BASELINE,NEW_DATA,4.8393,69.9153,nan
112,BASELINE,NEW_DATA,4.8401,69.9153,nan
113,BASELINE,NEW_DATA,4.8370,69.9153,nan
114,BASELINE,NEW_DATA,4.8363,69.9153,nan
115,BASELINE,NEW_DATA,4.8367,69.9153,nan
116,BASELINE,NEW_DATA,4.8351,69.9153,nan
117,BASELINE,NEW_DATA,4.8340,69.9153,nan
118,BASELINE,NEW_DATA,4.8325,69.9153,nan
119,BASELINE,NEW_DATA,4.8317,69.1643,nan
120,BASELINE,NEW_DATA,4.8309,69.1643,nan
121,BASELINE,NEW_DATA,4.8325,69.1643,nan
122,BASELINE,NEW_DATA,4.8309,69.1643,nan
123,BASELINE,NEW_DATA,4.8309,69.1643,nan
124,BASELINE,NEW_DATA,4.8286,69.1643,nan
125,BASELINE,NEW_DATA,4.8332,69.1643,nan
126,BASELINE,NEW_DATA,4.8317,69.1643,nan
127,BASELINE,NEW_DATA,4.8298,69.1643,nan
128,BASELINE,NEW_DATA,4.8294,69.1643,nan
129,BASELINE,NEW_DATA,4.8309,68.9046,nan
130,BASELINE,NEW_DATA,4.8294,68.9046,nan
131,BASELINE,NEW_DATA,4.8283,68.9046,nan
132,BASELINE,NEW_DATA,4.8279,68.9046,nan
133,BASELINE,NEW_DATA,4.8252,68.9046,nan
134,BASELINE,NEW_DATA,4.8264,68.9046,nan
135,BASELINE,NEW_DATA,4.8225,68.9046,nan
136,BASELINE,NEW_DATA,4.8218,68.9046,nan
137,BASELINE,NEW_DATA,4.8218,68.9046,nan
138,BASELINE,NEW_DATA,4.8218,68.9046,nan
139,BASELINE,NEW_DATA,4.8180,68.2649,nan
140,BASELINE,NEW_DATA,4.8176,68.2649,nan
141,BASELINE,NEW_DATA,4.8157,68.2649,nan
142,BASELINE,NEW_DATA,4.8164,68.2649,nan
143,BASELINE,NEW_DATA,4.8115,68.2649,nan
144,BASELINE,NEW_DATA,4.8119,68.2649,nan
145,BASELINE,NEW_DATA,4.8080,68.2649,nan
146,BASELINE,NEW_DATA,4.8084,68.2649,nan
147,BASELINE,NEW_DATA,4.8073,68.2649,nan
148,BASELINE,NEW_DATA,4.8054,68.2649,nan
149,BASELINE,NEW_DATA,4.8046,67.7201,nan
150,BASELINE,NEW_DATA,4.8050,67.7201,nan
151,BASELINE,NEW_DATA,4.8027,67.7201,nan
152,BASELINE,NEW_DATA,4.8065,67.7201,nan
153,BASELINE,NEW_DATA,4.7981,67.7201,nan
154,BASELINE,NEW_DATA,4.7993,67.7201,nan
155,BASELINE,NEW_DATA,4.7966,67.7201,nan
156,BASELINE,NEW_DATA,4.7974,67.7201,nan
157,BASELINE,NEW_DATA,4.7974,67.7201,nan
158,BASELINE,NEW_DATA,4.7974,67.7201,nan
159,BASELINE,NEW_DATA,4.7958,67.6056,nan
160,BASELINE,NEW_DATA,4.7935,67.6056,nan
161,BASELINE,NEW_DATA,4.8019,67.6056,nan
162,BASELINE,NEW_DATA,4.7920,67.6056,nan
163,BASELINE,NEW_DATA,4.7916,67.6056,nan
164,BASELINE,NEW_DATA,4.7928,67.6056,nan
165,BASELINE,NEW_DATA,4.7897,67.6056,nan
166,BASELINE,NEW_DATA,4.7905,67.6056,nan
167,BASELINE,NEW_DATA,4.7897,67.6056,nan
168,BASELINE,NEW_DATA,4.7874,67.6056,nan
169,BASELINE,NEW_DATA,4.7844,67.7741,nan
170,BASELINE,NEW_DATA,4.7794,67.7741,nan
171,BASELINE,NEW_DATA,4.7783,67.7741,nan
172,BASELINE,NEW_DATA,4.7791,67.7741,nan
173,BASELINE,NEW_DATA,4.7791,67.7741,nan
174,BASELINE,NEW_DATA,4.7791,68.0529,nan
175,BASELINE,NEW_DATA,4.7775,68.0529,nan
176,BASELINE,NEW_DATA,4.7775,68.0529,nan
177,BASELINE,NEW_DATA,4.7798,68.0529,nan
178,BASELINE,NEW_DATA,4.7798,68.0529,nan
179,BASELINE,NEW_DATA,4.7825,68.0529,nan
180,BASELINE,NEW_DATA,4.7836,68.0529,nan
181,BASELINE,NEW_DATA,4.7825,68.0529,nan
182,BASELINE,NEW_DATA,4.7859,68.0529,nan
183,BASELINE,NEW_DATA,4.7882,68.0529,nan
184,BASELINE,NEW_DATA,4.7913,68.3658,nan
185,BASELINE,NEW_DATA,4.7943,68.3658,nan
186,BASELINE,NEW_DATA,4.7989,68.3658,nan
187,BASELINE,NEW_DATA,4.8019,68.3658,nan
188,BASELINE,NEW_DATA,4.8050,68.3658,nan
189,BASELINE,NEW_DATA,4.8050,68.8666,nan
190,BASELINE,NEW_DATA,4.8111,68.8666,nan
191,BASELINE,NEW_DATA,4.8130,68.8666,nan
192,BASELINE,NEW_DATA,4.8141,68.8666,nan
193,BASELINE,NEW_DATA,4.8233,68.8666,nan
194,BASELINE,NEW_DATA,4.8187,68.8666,nan
195,BASELINE,NEW_DATA,4.8225,68.8666,nan
196,BASELINE,NEW_DATA,4.8264,68.8666,nan
197,BASELINE,NEW_DATA,4.8222,68.8666,nan
198,BASELINE,NEW_DATA,4.8233,68.8666,nan
199,BASELINE,NEW_DATA,4.8264,69.2879,nan
200,BASELINE,NEW_DATA,4.8298,69.2879,nan
201,BASELINE,NEW_DATA,4.8325,69.2879,nan
202,BASELINE,NEW_DATA,4.8325,69.2879,nan
203,BASELINE,NEW_DATA,4.8347,69.2879,nan
204,BASELINE,NEW_DATA,4.8351,69.5835,nan
205,BASELINE,NEW_DATA,4.8409,69.5835,nan
206,BASELINE,NEW_DATA,4.8409,69.5835,nan
207,BASELINE,NEW_DATA,4.8420,69.5835,nan
208,BASELINE,NEW_DATA,4.8447,69.5835,nan
209,BASELINE,NEW_DATA,4.8454,69.5835,nan
210,BASELINE,NEW_DATA,4.8496,69.5835,nan
211,BASELINE,NEW_DATA,4.8523,69.5835,nan
212,BASELINE,NEW_DATA,4.8573,69.5835,nan
213,BASELINE,NEW_DATA,4.8584,69.5835,nan
214,BASELINE,NEW_DATA,4.8630,69.6442,nan
215,BASELINE,NEW_DATA,4.8664,69.6442,nan
216,BASELINE,NEW_DATA,4.8691,69.6442,nan
217,BASELINE,NEW_DATA,4.8721,69.6442,nan
218,BASELINE,NEW_DATA,4.8737,69.6442,nan
219,BASELINE,NEW_DATA,4.8729,69.6442,nan
220,BASELINE,NEW_DATA,4.8744,69.6442,nan
221,BASELINE,NEW_DATA,4.8771,69.6442,nan
222,BASELINE,NEW_DATA,4.8782,69.6442,nan
223,BASELINE,NEW_DATA,4.8794,69.6442,nan
224,BASELINE,NEW_DATA,4.8813,69.4981,nan
225,BASELINE,NEW_DATA,4.8813,69.4981,nan
226,BASELINE,NEW_DATA,4.8843,69.4981,nan
227,BASELINE,NEW_DATA,4.8828,69.4981,nan
228,BASELINE,NEW_DATA,4.8851,69.4981,nan
229,BASELINE,NEW_DATA,4.8851,69.4981,nan
230,BASELINE,NEW_DATA,4.8874,69.4981,nan
231,BASELINE,NEW_DATA,4.8893,69.4981,nan
232,BASELINE,NEW_DATA,4.8904,69.4981,nan
233,BASELINE,NEW_DATA,4.8935,69.4981,nan
234,BASELINE,NEW_DATA,4.8935,69.5410,nan
235,BASELINE,NEW_DATA,4.8954,69.5410,nan
236,BASELINE,NEW_DATA,4.8935,69.5410,nan
237,BASELINE,NEW_DATA,4.8969,69.5410,nan
238,BASELINE,NEW_DATA,4.8988,69.5410,nan
239,BASELINE,NEW_DATA,4.8996,69.5410,nan
240,BASELINE,NEW_DATA,4.8981,69.5410,nan
241,BASELINE,NEW_DATA,4.8988,69.5410,nan
242,BASELINE,NEW_DATA,4.8996,69.5410,nan
243,BASELINE,NEW_DATA,4.8996,69.2564,nan
244,BASELINE,NEW_DATA,4.8958,69.2564,nan
245,BASELINE,NEW_DATA,4.9042,69.2564,nan
246,BASELINE,NEW_DATA,4.9011,69.2564,nan
247,BASELINE,NEW_DATA,4.9049,69.2564,nan
248,BASELINE,NEW_DATA,4.9026,69.0243,nan
249,BASELINE,NEW_DATA,4.9019,69.0243,nan
250,BASELINE,NEW_DATA,4.8996,69.0243,nan
251,BASELINE,NEW_DATA,4.9026,69.0243,nan
252,BASELINE,NEW_DATA,4.9034,69.0243,nan
253,BASELINE,NEW_DATA,4.8985,69.0243,nan
254,BASELINE,NEW_DATA,4.9004,69.0243,nan
255,BASELINE,NEW_DATA,4.8973,69.0243,nan
256,BASELINE,NEW_DATA,4.8954,69.0243,nan
257,BASELINE,NEW_DATA,4.8965,68.9231,nan
258,BASELINE,NEW_DATA,4.8965,68.9231,nan
259,BASELINE,NEW_DATA,4.8920,68.9231,nan
260,BASELINE,NEW_DATA,4.8954,68.9231,nan
261,BASELINE,NEW_DATA,4.8912,68.9231,nan
262,BASELINE,NEW_DATA,4.8943,68.9231,nan
263,BASELINE,NEW_DATA,4.8920,68.9231,nan
264,BASELINE,NEW_DATA,4.8920,68.9231,nan
265,BASELINE,NEW_DATA,4.8859,68.9231,nan
266,BASELINE,NEW_DATA,4.8908,68.9245,nan
267,BASELINE,NEW_DATA,4.8904,68.9245,nan
268,BASELINE,NEW_DATA,4.8965,68.9245,nan
269,BASELINE,NEW_DATA,4.8904,68.9245,nan
270,BASELINE,NEW_DATA,4.8908,68.9245,nan
271,BASELINE,NEW_DATA,4.8908,68.9245,nan
272,BASELINE,NEW_DATA,4.8912,68.9245,nan
273,BASELINE,NEW_DATA,4.8904,68.9245,nan
274,BASELINE,NEW_DATA,4.8920,68.9245,nan
275,BASELINE,NEW_DATA,4.8904,68.9245,nan
276,BASELINE,NEW_DATA,4.8885,68.8336,nan
277,BASELINE,NEW_DATA,4.8943,68.8336,nan
278,BASELINE,NEW_DATA,4.8889,68.8336,nan
279,BASELINE,NEW_DATA,4.8897,68.8336,nan
280,BASELINE,NEW_DATA,4.8866,68.8336,nan
281,BASELINE,NEW_DATA,4.8889,68.8761,nan
282,BASELINE,NEW_DATA,4.8859,68.8761,nan
283,BASELINE,NEW_DATA,4.8859,68.8761,nan
284,BASELINE,NEW_DATA,4.8866,68.8761,nan
285,BASELINE,NEW_DATA,4.8878,68.8761,nan
286,BASELINE,NEW_DATA,4.8843,68.8761,nan
287,BASELINE,NEW_DATA,4.8836,68.8761,nan
288,BASELINE,NEW_DATA,4.8836,68.8761,nan
289,BASELINE,NEW_DATA,4.8820,68.8761,nan
290,BASELINE,NEW_DATA,4.8843,68.8761,nan
291,BASELINE,NEW_DATA,4.8836,72.1070,nan
292,BASELINE,NEW_DATA,4.8851,72.1070,nan
293,BASELINE,NEW_DATA,4.8836,72.1070,nan
294,BASELINE,NEW_DATA,4.8836,72.1070,nan
295,BASELINE,NEW_DATA,4.8859,72.1070,nan
296,BASELINE,NEW_DATA,4.8843,72.1070,nan
297,BASELINE,NEW_DATA,4.8843,72.1070,nan
298,BASELINE,NEW_DATA,4.8843,72.1070,nan
299,BASELINE,NEW_DATA,4.8859,72.1070,nan
300,BASELINE,NEW_DATA,4.8843,72.1070,nan
301,BASELINE,NEW_DATA,4.8843,69.1020,nan
302,BASELINE,NEW_DATA,4.8828,69.1020,nan
303,BASELINE,NEW_DATA,4.8832,69.1020,nan
304,BASELINE,NEW_DATA,4.8843,69.1020,nan
305,BASELINE,NEW_DATA,4.8824,69.1020,nan
306,BASELINE,NEW_DATA,4.8820,70.5364,nan
307,BASELINE,NEW_DATA,4.8798,70.5364,nan
308,BASELINE,NEW_DATA,4.8813,70.5364,nan
309,BASELINE,NEW_DATA,4.8813,70.5364,nan
310,BASELINE,NEW_DATA,4.8805,70.5364,nan
311,BASELINE,NEW_DATA,4.8805,70.5364,nan
312,BASELINE,NEW_DATA,4.8798,70.5364,nan
313,BASELINE,NEW_DATA,4.8752,70.5364,nan
314,BASELINE,NEW_DATA,4.8752,70.5364,nan
315,BASELINE,NEW_DATA,4.8752,70.5364,nan
316,BASELINE,NEW_DATA,4.8737,70.4626,nan
317,BASELINE,NEW_DATA,4.8737,70.4626,nan
318,BASELINE,NEW_DATA,4.8737,70.4626,nan
319,BASELINE,NEW_DATA,4.8813,70.4626,nan
320,BASELINE,NEW_DATA,4.8748,70.4626,nan
321,BASELINE,NEW_DATA,4.8767,69.6959,nan
322,BASELINE,NEW_DATA,4.8740,69.6959,nan
323,BASELINE,NEW_DATA,4.8771,69.6959,nan
324,BASELINE,NEW_DATA,4.8771,69.6959,nan
325,BASELINE,NEW_DATA,4.8737,69.6959,nan
326,BASELINE,NEW_DATA,4.8752,69.7078,nan
327,BASELINE,NEW_DATA,4.8714,69.7078,nan
328,BASELINE,NEW_DATA,4.8752,69.7078,nan
329,BASELINE,NEW_DATA,4.8721,69.7078,nan
330,BASELINE,NEW_DATA,4.8744,69.6325,nan
331,BASELINE,NEW_DATA,4.8706,69.6325,nan
332,BASELINE,NEW_DATA,4.8744,69.6325,nan
333,BASELINE,NEW_DATA,4.8695,69.6325,nan
334,BASELINE,NEW_DATA,4.8698,69.6325,nan
335,BASELINE,NEW_DATA,4.8756,69.7317,nan
336,BASELINE,NEW_DATA,4.8676,69.7317,nan
337,BASELINE,NEW_DATA,4.8721,69.7317,nan
338,BASELINE,NEW_DATA,4.8664,69.7317,nan
339,BASELINE,NEW_DATA,4.8706,69.6127,nan
340,BASELINE,NEW_DATA,4.8664,69.6127,nan
341,BASELINE,NEW_DATA,4.8676,69.6127,nan
342,BASELINE,NEW_DATA,4.8660,69.6127,nan
343,BASELINE,NEW_DATA,4.8637,69.6127,nan
344,BASELINE,NEW_DATA,4.8637,69.6127,nan
345,BASELINE,NEW_DATA,4.8630,69.6127,nan
346,BASELINE,NEW_DATA,4.8630,69.6127,nan
347,BASELINE,NEW_DATA,4.8637,69.6127,nan
348,BASELINE,NEW_DATA,4.8607,69.5415,nan
349,BASELINE,NEW_DATA,4.8622,69.5415,nan
350,BASELINE,NEW_DATA,4.8599,69.5415,nan
351,BASELINE,NEW_DATA,4.8584,69.5415,nan
352,BASELINE,NEW_DATA,4.8615,69.5415,nan
353,BASELINE,NEW_DATA,4.8569,69.4006,nan
354,BASELINE,NEW_DATA,4.8588,69.4006,nan
355,BASELINE,NEW_DATA,4.8553,69.4006,nan
356,BASELINE,NEW_DATA,4.8553,69.4006,nan
357,BASELINE,NEW_DATA,4.8531,69.4941,nan
358,BASELINE,NEW_DATA,4.8561,69.4941,nan
359,BASELINE,NEW_DATA,4.8531,69.4941,nan
360,BASELINE,NEW_DATA,4.8538,69.4941,nan
361,BASELINE,NEW_DATA,4.8508,69.4941,nan
362,BASELINE,NEW_DATA,4.8523,69.5178,nan
363,BASELINE,NEW_DATA,4.8492,69.5178,nan
364,BASELINE,NEW_DATA,4.8523,69.5178,nan
365,BASELINE,NEW_DATA,4.8515,69.5178,nan
366,BASELINE,NEW_DATA,4.8500,69.5178,nan
367,BASELINE,NEW_DATA,4.8462,69.2913,nan
368,BASELINE,NEW_DATA,4.8477,69.2913,nan
369,BASELINE,NEW_DATA,4.8447,69.2913,nan
370,BASELINE,NEW_DATA,4.8431,69.2913,nan
371,BASELINE,NEW_DATA,4.8435,69.4350,nan
372,BASELINE,NEW_DATA,4.8447,69.4350,nan
373,BASELINE,NEW_DATA,4.8435,69.4350,nan
374,BASELINE,NEW_DATA,4.8401,69.4350,nan
375,BASELINE,NEW_DATA,4.8409,69.4350,nan
376,BASELINE,NEW_DATA,4.8393,69.4114,nan
377,BASELINE,NEW_DATA,4.8386,69.4114,nan
378,BASELINE,NEW_DATA,4.8386,69.4114,nan
379,BASELINE,NEW_DATA,4.8374,69.4114,nan
380,BASELINE,NEW_DATA,4.8370,69.4114,nan
381,BASELINE,NEW_DATA,4.8363,69.4114,nan
382,BASELINE,NEW_DATA,4.8332,69.4114,nan
383,BASELINE,NEW_DATA,4.8378,69.4114,nan
384,BASELINE,NEW_DATA,4.8317,69.4114,nan
385,BASELINE,NEW_DATA,4.8355,69.6483,nan
386,BASELINE,NEW_DATA,4.8302,69.6483,nan
387,BASELINE,NEW_DATA,4.8378,69.6483,nan
388,BASELINE,NEW_DATA,4.8279,69.6483,nan
389,BASELINE,NEW_DATA,4.8313,69.9153,nan
390,BASELINE,NEW_DATA,4.8294,69.9153,nan
391,BASELINE,NEW_DATA,4.8294,69.9153,nan
392,BASELINE,NEW_DATA,4.8248,69.9153,nan
393,BASELINE,NEW_DATA,4.8279,69.9153,nan
394,BASELINE,NEW_DATA,4.8313,70.1151,nan
395,BASELINE,NEW_DATA,4.8267,70.1151,nan
396,BASELINE,NEW_DATA,4.8241,70.1151,nan
397,BASELINE,NEW_DATA,4.8225,70.1151,nan
398,BASELINE,NEW_DATA,4.8237,70.1151,nan
399,BASELINE,NEW_DATA,4.8233,70.4785,nan
400,BASELINE,NEW_DATA,4.8218,70.4785,nan
401,BASELINE,NEW_DATA,4.8176,70.4785,nan
402,BASELINE,NEW_DATA,4.8203,70.4785,nan
403,BASELINE,NEW_DATA,4.8157,70.4785,nan
404,BASELINE,NEW_DATA,4.8187,70.4785,nan
405,BASELINE,NEW_DATA,4.8141,70.4785,nan
406,BASELINE,NEW_DATA,4.8145,70.4785,nan
407,BASELINE,NEW_DATA,4.8103,70.4785,nan
408,BASELINE,NEW_DATA,4.8141,70.7719,nan
409,BASELINE,NEW_DATA,4.8103,70.7719,nan
410,BASELINE,NEW_DATA,4.8119,70.7719,nan
411,BASELINE,NEW_DATA,4.8100,70.7719,nan
412,BASELINE,NEW_DATA,4.8103,70.9579,nan
413,BASELINE,NEW_DATA,4.8046,70.9579,nan
414,BASELINE,NEW_DATA,4.8050,70.9579,nan
415,BASELINE,NEW_DATA,4.8065,70.9579,nan
416,BASELINE,NEW_DATA,4.8073,70.9579,nan
417,BASELINE,NEW_DATA,4.8046,71.3037,nan
418,BASELINE,NEW_DATA,4.8058,71.3037,nan
419,BASELINE,NEW_DATA,4.8035,71.3037,nan
420,BASELINE,NEW_DATA,4.8058,71.3037,nan
421,BASELINE,NEW_DATA,4.8008,71.4164,nan
422,BASELINE,NEW_DATA,4.8023,71.4164,nan
423,BASELINE,NEW_DATA,4.8069,71.4164,nan
424,BASELINE,NEW_DATA,4.8012,71.4164,nan
425,BASELINE,NEW_DATA,4.7981,71.4164,nan
426,BASELINE,NEW_DATA,4.8012,71.9671,nan
427,BASELINE,NEW_DATA,4.7974,71.9671,nan
428,BASELINE,NEW_DATA,4.7989,71.9671,nan
429,BASELINE,NEW_DATA,4.7958,71.9671,nan
430,BASELINE,NEW_DATA,4.8012,71.9671,nan
431,BASELINE,NEW_DATA,4.7943,71.9671,nan
432,BASELINE,NEW_DATA,4.7951,71.9671,nan
433,BASELINE,NEW_DATA,4.7928,71.9671,nan
434,BASELINE,NEW_DATA,4.7935,71.9671,nan
435,BASELINE,NEW_DATA,4.7951,72.2518,nan
436,BASELINE,NEW_DATA,4.7905,72.2518,nan
437,BASELINE,NEW_DATA,4.7943,72.2518,nan
438,BASELINE,NEW_DATA,4.7867,72.2518,nan
439,BASELINE,NEW_DATA,4.7905,72.2518,nan
440,BASELINE,NEW_DATA,4.7859,72.2518,nan
441,BASELINE,NEW_DATA,4.7852,72.2518,nan
442,BASELINE,NEW_DATA,4.7836,72.2518,nan
443,BASELINE,NEW_DATA,4.7863,72.2518,nan
444,BASELINE,NEW_DATA,4.7829,72.3514,nan
445,BASELINE,NEW_DATA,4.7821,72.3514,nan
446,BASELINE,NEW_DATA,4.7806,72.3514,nan
447,BASELINE,NEW_DATA,4.7829,72.3514,nan
448,BASELINE,NEW_DATA,4.7810,72.3514,nan
449,BASELINE,NEW_DATA,4.7821,72.3497,nan
450,BASELINE,NEW_DATA,4.7810,72.3497,nan
451,BASELINE,NEW_DATA,4.7775,72.3497,nan
452,BASELINE,NEW_DATA,4.7794,72.3497,nan
453,BASELINE,NEW_DATA,4.7768,72.3265,nan
454,BASELINE,NEW_DATA,4.7764,72.3265,nan
455,BASELINE,NEW_DATA,4.7752,72.3265,nan
456,BASELINE,NEW_DATA,4.7760,72.3265,nan
457,BASELINE,NEW_DATA,4.7729,72.3265,nan
458,BASELINE,NEW_DATA,4.7752,72.3514,nan
459,BASELINE,NEW_DATA,4.7714,72.3514,nan
460,BASELINE,NEW_DATA,4.7714,72.3514,nan
461,BASELINE,NEW_DATA,4.7676,72.3514,nan
462,BASELINE,NEW_DATA,4.7699,72.3982,nan
463,BASELINE,NEW_DATA,4.7668,72.3982,nan
464,BASELINE,NEW_DATA,4.7676,72.3982,nan
465,BASELINE,NEW_DATA,4.7646,72.3982,nan
466,BASELINE,NEW_DATA,4.7668,72.3982,nan
467,BASELINE,NEW_DATA,4.7646,72.2022,nan
468,BASELINE,NEW_DATA,4.7646,72.2022,nan
469,BASELINE,NEW_DATA,4.7607,72.2022,nan
470,BASELINE,NEW_DATA,4.7646,72.2022,nan
471,BASELINE,NEW_DATA,4.7592,72.2022,nan
472,BASELINE,NEW_DATA,4.7577,72.0412,nan
473,BASELINE,NEW_DATA,4.7607,72.0412,nan
474,BASELINE,NEW_DATA,4.7562,72.0412,nan
475,BASELINE,NEW_DATA,4.7592,72.0412,nan
476,BASELINE,NEW_DATA,4.7554,72.0412,nan
477,BASELINE,NEW_DATA,4.7531,72.0412,nan
478,BASELINE,NEW_DATA,4.7539,72.0412,nan
479,BASELINE,NEW_DATA,4.7531,72.0412,nan
480,BASELINE,NEW_DATA,4.7531,72.0412,nan
481,BASELINE,NEW_DATA,4.7523,71.8563,nan
482,BASELINE,NEW_DATA,4.7489,71.8563,nan
483,BASELINE,NEW_DATA,4.7470,71.8563,nan
484,BASELINE,NEW_DATA,4.7459,71.8563,nan
485,BASELINE,NEW_DATA,4.7424,71.9794,nan
486,BASELINE,NEW_DATA,4.7455,71.9794,nan
487,BASELINE,NEW_DATA,4.7443,71.9794,nan
488,BASELINE,NEW_DATA,4.7432,71.9794,nan
489,BASELINE,NEW_DATA,4.7432,71.9794,nan
490,BASELINE,NEW_DATA,4.7428,71.9794,nan
491,BASELINE,NEW_DATA,4.7409,71.9794,nan
492,BASELINE,NEW_DATA,4.7367,71.9794,nan
493,BASELINE,NEW_DATA,4.7394,71.9794,nan
494,BASELINE,NEW_DATA,4.7340,72.2022,nan
495,BASELINE,NEW_DATA,4.7379,72.2022,nan
496,BASELINE,NEW_DATA,4.7321,72.2022,nan
497,BASELINE,NEW_DATA,4.7356,72.2022,nan
498,BASELINE,NEW_DATA,4.7306,72.2022,nan
499,BASELINE,NEW_DATA,4.7325,72.2022,nan
500,BASELINE,NEW_DATA,4.7287,72.2022,nan
501,BASELINE,NEW_DATA,4.7306,72.2022,nan
502,BASELINE,NEW_DATA,4.7256,72.2022,nan
503,BASELINE,NEW_DATA,4.7272,72.2146,nan
504,BASELINE,NEW_DATA,4.7241,72.2146,nan
505,BASELINE,NEW_DATA,4.7249,72.2146,nan
506,BASELINE,NEW_DATA,4.7241,72.2146,nan
507,BASELINE,NEW_DATA,4.7241,72.2146,nan
508,BASELINE,NEW_DATA,4.7241,72.2146,nan
509,BASELINE,NEW_DATA,4.7195,72.2146,nan
510,BASELINE,NEW_DATA,4.7203,72.2146,nan
511,BASELINE,NEW_DATA,4.7180,72.2146,nan
512,BASELINE,NEW_DATA,4.7180,72.2146,nan
513,BASELINE,NEW_DATA,4.7150,72.4263,nan
514,BASELINE,NEW_DATA,4.7173,72.4263,nan
515,BASELINE,NEW_DATA,4.7142,72.4263,nan
516,BASELINE,NEW_DATA,4.7157,72.4263,nan
517,BASELINE,NEW_DATA,4.7165,72.4468,nan
518,BASELINE,NEW_DATA,4.7127,72.4468,nan
519,BASELINE,NEW_DATA,4.7104,72.4468,nan
520,BASELINE,NEW_DATA,4.7150,72.4468,nan
521,BASELINE,NEW_DATA,4.7085,72.4468,nan
522,BASELINE,NEW_DATA,4.7092,72.7399,nan
523,BASELINE,NEW_DATA,4.7077,72.7399,nan
524,BASELINE,NEW_DATA,4.7073,72.7399,nan
525,BASELINE,NEW_DATA,4.7031,72.7399,nan
526,BASELINE,NEW_DATA,4.7035,72.8282,nan
527,BASELINE,NEW_DATA,4.7005,72.8282,nan
528,BASELINE,NEW_DATA,4.7028,72.8282,nan
529,BASELINE,NEW_DATA,4.6967,72.8282,nan
530,BASELINE,NEW_DATA,4.7009,72.8282,nan
531,BASELINE,NEW_DATA,4.6940,72.8282,nan
532,BASELINE,NEW_DATA,4.6989,72.8282,nan
533,BASELINE,NEW_DATA,4.6925,72.8282,nan
534,BASELINE,NEW_DATA,4.6951,72.8282,nan
535,BASELINE,NEW_DATA,4.6906,72.6518,nan
536,BASELINE,NEW_DATA,4.6925,72.6518,nan
537,BASELINE,NEW_DATA,4.6875,72.6518,nan
538,BASELINE,NEW_DATA,4.6913,72.6518,nan
539,BASELINE,NEW_DATA,4.6860,72.6518,nan
540,BASELINE,NEW_DATA,4.6852,72.6518,nan
541,BASELINE,NEW_DATA,4.6837,72.6518,nan
542,BASELINE,NEW_DATA,4.6867,72.6518,nan
543,BASELINE,NEW_DATA,4.6848,72.6518,nan
544,BASELINE,NEW_DATA,4.6837,72.6267,nan
545,BASELINE,NEW_DATA,4.6810,72.6267,nan
546,BASELINE,NEW_DATA,4.6814,72.6267,nan
547,BASELINE,NEW_DATA,4.6791,72.6267,nan
548,BASELINE,NEW_DATA,4.6783,72.6267,nan
549,BASELINE,NEW_DATA,4.6753,72.6295,nan
550,BASELINE,NEW_DATA,4.6776,72.6295,nan
551,BASELINE,NEW_DATA,4.6722,72.6295,nan
552,BASELINE,NEW_DATA,4.6738,72.6295,nan
553,BASELINE,NEW_DATA,4.6738,72.6295,nan
554,BASELINE,NEW_DATA,4.6711,72.7021,nan
555,BASELINE,NEW_DATA,4.6661,72.7021,nan
556,BASELINE,NEW_DATA,4.6692,72.7021,nan
557,BASELINE,NEW_DATA,4.6646,72.7021,nan
558,BASELINE,NEW_DATA,4.6646,72.5765,65.0379
559,BASELINE,NEW_DATA,4.6616,72.5765,65.0379
560,BASELINE,NEW_DATA,4.6646,72.5765,65.0379
561,BASELINE,NEW_DATA,4.6600,72.5765,65.0379
562,BASELINE,NEW_DATA,4.6623,72.5765,65.0379
563,BASELINE,NEW_DATA,4.6585,72.5765,65.0379
564,BASELINE,NEW_DATA,4.6585,72.5765,65.0379
565,BASELINE,NEW_DATA,4.6593,72.5765,65.0379
566,BASELINE,NEW_DATA,4.6577,72.5765,65.0379
567,BASELINE,NEW_DATA,4.6532,72.4888,64.4469
568,BASELINE,NEW_DATA,4.6570,72.4888,64.4469
569,BASELINE,NEW_DATA,4.6509,72.4888,64.4469
570,BASELINE,NEW_DATA,4.6486,72.4888,64.4469
571,BASELINE,NEW_DATA,4.6471,72.4888,64.4469
572,BASELINE,NEW_DATA,4.6509,72.5928,64.3161
573,BASELINE,NEW_DATA,4.6463,72.5928,64.3161
574,BASELINE,NEW_DATA,4.6494,72.5928,64.3161
575,BASELINE,NEW_DATA,4.6486,72.5928,64.3161
576,BASELINE,NEW_DATA,4.6425,72.6644,55.6910
577,BASELINE,NEW_DATA,4.6436,72.6644,55.6910
578,BASELINE,NEW_DATA,4.6398,72.6644,55.6910
579,BASELINE,NEW_DATA,4.6394,72.6644,55.6910
580,BASELINE,NEW_DATA,4.6402,72.6644,55.6910
581,BASELINE,NEW_DATA,4.6394,72.9547,52.9080
582,BASELINE,NEW_DATA,4.6379,72.9547,52.9080
583,BASELINE,NEW_DATA,4.6371,72.9547,52.9080
584,BASELINE,NEW_DATA,4.6326,72.9547,52.9080
585,BASELINE,NEW_DATA,4.6356,72.9547,52.9080
586,BASELINE,NEW_DATA,4.6303,73.1088,52.5210
587,BASELINE,NEW_DATA,4.6318,73.1088,52.5210
588,BASELINE,NEW_DATA,4.6272,73.1088,52.5210
589,BASELINE,NEW_DATA,4.6356,73.1088,52.5210
590,BASELINE,NEW_DATA,4.6246,73.2345,52.5210
591,BASELINE,NEW_DATA,4.6272,73.2345,52.5210
592,BASELINE,NEW_DATA,4.6230,73.2345,52.5210
593,BASELINE,NEW_DATA,4.6257,73.2345,52.5210
594,BASELINE,NEW_DATA,4.6204,73.2345,52.5210
595,BASELINE,NEW_DATA,4.6238,73.4694,42.1646
596,BASELINE,NEW_DATA,4.6188,73.4694,42.1646
597,BASELINE,NEW_DATA,4.6188,73.4694,42.1646
598,BASELINE,NEW_DATA,4.6158,73.4694,42.1646
599,BASELINE,NEW_DATA,4.6188,73.7705,41.9268
600,BASELINE,NEW_DATA,4.6181,73.7705,41.9268
601,BASELINE,NEW_DATA,4.6173,73.7705,41.9268
602,BASELINE,NEW_DATA,4.6177,73.7705,41.9268
603,BASELINE,NEW_DATA,4.6131,73.7705,41.9268
604,BASELINE,NEW_DATA,4.6116,73.7705,42.0188
605,BASELINE,NEW_DATA,4.6112,73.7705,42.0188
606,BASELINE,NEW_DATA,4.6101,73.7705,42.0188
607,BASELINE,NEW_DATA,4.6082,73.7705,42.0188
608,BASELINE,NEW_DATA,4.6055,74.0360,41.9906
609,BASELINE,NEW_DATA,4.6082,74.0360,41.9906
610,BASELINE,NEW_DATA,4.6043,74.0360,41.9906
611,BASELINE,NEW_DATA,4.6055,74.0360,41.9906
612,BASELINE,NEW_DATA,4.6021,74.0360,41.9906
613,BASELINE,NEW_DATA,4.6036,74.1631,42.3168
614,BASELINE,NEW_DATA,4.6005,74.1631,42.3168
615,BASELINE,NEW_DATA,4.6005,74.1631,42.3168
616,BASELINE,NEW_DATA,4.5959,74.1631,42.3168
617,BASELINE,NEW_DATA,4.5998,74.1631,42.3168
618,BASELINE,NEW_DATA,4.5952,74.1631,42.3168
619,BASELINE,NEW_DATA,4.5979,74.1631,42.3168
620,BASELINE,NEW_DATA,4.5929,74.1631,42.3168
621,BASELINE,NEW_DATA,4.5948,74.1631,42.3168
622,BASELINE,NEW_DATA,4.5914,74.1504,42.6573
623,BASELINE,NEW_DATA,4.5929,74.1504,42.6573
624,BASELINE,NEW_DATA,4.5872,74.1504,42.6573
625,BASELINE,NEW_DATA,4.5906,74.1504,42.6573
626,BASELINE,NEW_DATA,4.5868,74.2103,42.9784
627,BASELINE,NEW_DATA,4.5883,74.2103,42.9784
628,BASELINE,NEW_DATA,4.5853,74.2103,42.9784
629,BASELINE,NEW_DATA,4.5883,74.2103,42.9784
630,BASELINE,NEW_DATA,4.5856,74.2103,42.9784
631,BASELINE,NEW_DATA,4.5822,74.1504,42.9784
632,BASELINE,NEW_DATA,4.5837,74.1504,42.9784
633,BASELINE,NEW_DATA,4.5799,74.1504,42.9784
634,BASELINE,NEW_DATA,4.5830,74.1504,42.9784
635,BASELINE,NEW_DATA,4.5780,74.1504,42.9784
636,BASELINE,NEW_DATA,4.5792,74.0360,43.5726
637,BASELINE,NEW_DATA,4.5769,74.0360,43.5726
638,BASELINE,NEW_DATA,4.5795,74.0360,43.5726
639,BASELINE,NEW_DATA,4.5746,74.0360,43.5726
640,BASELINE,NEW_DATA,4.5734,74.0360,43.7384
641,BASELINE,NEW_DATA,4.5753,74.0360,43.7384
642,BASELINE,NEW_DATA,4.5738,74.0360,43.7384
643,BASELINE,NEW_DATA,4.5685,74.0360,43.7384
644,BASELINE,NEW_DATA,4.5738,74.0360,43.7384
645,BASELINE,NEW_DATA,4.5654,73.8714,43.5275
646,BASELINE,NEW_DATA,4.5715,73.8714,43.5275
647,BASELINE,NEW_DATA,4.5662,73.8714,43.5275
648,BASELINE,NEW_DATA,4.5670,73.8714,43.5275
649,BASELINE,NEW_DATA,4.5662,73.8267,42.3238
650,BASELINE,NEW_DATA,4.5662,73.8267,42.3238
651,BASELINE,NEW_DATA,4.5670,73.8267,42.3238
652,BASELINE,NEW_DATA,4.5654,73.8267,42.3238
653,BASELINE,NEW_DATA,4.5654,73.8267,42.3238
654,BASELINE,NEW_DATA,4.5670,73.7201,42.0883
655,BASELINE,NEW_DATA,4.5631,73.7201,42.0883
656,BASELINE,NEW_DATA,4.5639,73.7201,42.0883
657,BASELINE,NEW_DATA,4.5593,73.7201,42.0883
658,BASELINE,NEW_DATA,4.5631,73.7076,42.0883
659,BASELINE,NEW_DATA,4.5593,73.7076,42.0883
660,BASELINE,NEW_DATA,4.5601,73.7076,42.0883
661,BASELINE,NEW_DATA,4.5563,73.7076,42.0883
662,BASELINE,NEW_DATA,4.5586,73.7076,42.0883
663,BASELINE,NEW_DATA,4.5563,73.7076,42.3922
664,BASELINE,NEW_DATA,4.5563,73.7076,42.3922
665,BASELINE,NEW_DATA,4.5551,73.7076,42.3922
666,BASELINE,NEW_DATA,4.5570,73.7076,42.3922
667,BASELINE,NEW_DATA,4.5551,73.7076,42.3922
668,BASELINE,NEW_DATA,4.5601,73.6950,42.4306
669,BASELINE,NEW_DATA,4.5670,73.6950,42.4306
670,BASELINE,NEW_DATA,4.5662,73.6950,42.4306
671,BASELINE,NEW_DATA,4.5723,73.6950,42.4306
672,BASELINE,NEW_DATA,4.5715,73.6325,42.1221
673,BASELINE,NEW_DATA,4.5738,73.6325,42.1221
674,BASELINE,NEW_DATA,4.5700,73.6325,42.1221
675,BASELINE,NEW_DATA,4.5704,73.6325,42.1221
676,BASELINE,NEW_DATA,4.5654,73.6325,42.1221
677,BASELINE,NEW_DATA,4.5670,73.5069,42.0926
678,BASELINE,NEW_DATA,4.5624,73.5069,42.0926
679,BASELINE,NEW_DATA,4.5631,73.5069,42.0926
680,BASELINE,NEW_DATA,4.5597,73.5069,42.0926
681,BASELINE,NEW_DATA,4.5624,73.3073,41.1660
682,BASELINE,NEW_DATA,4.5593,73.3073,41.1660
683,BASELINE,NEW_DATA,4.5597,73.3073,41.1660
684,BASELINE,NEW_DATA,4.5532,73.3073,41.1660
685,BASELINE,NEW_DATA,4.5563,73.3073,41.1660
686,BASELINE,NEW_DATA,4.5532,73.2473,41.1660
687,BASELINE,NEW_DATA,4.5540,73.2473,41.1660
688,BASELINE,NEW_DATA,4.5517,73.2473,41.1660
689,BASELINE,NEW_DATA,4.5517,73.2473,41.1660
690,BASELINE,NEW_DATA,4.5479,73.3073,41.6876
691,BASELINE,NEW_DATA,4.5502,73.3073,41.6876
692,BASELINE,NEW_DATA,4.5456,73.3073,41.6876
693,BASELINE,NEW_DATA,4.5479,73.3073,41.6876
694,BASELINE,NEW_DATA,4.5429,73.3073,41.6876
695,BASELINE,NEW_DATA,4.5448,73.1580,41.6876
696,BASELINE,NEW_DATA,4.5425,73.1580,41.6876
697,BASELINE,NEW_DATA,4.5433,73.1580,41.6876
698,BASELINE,NEW_DATA,4.5425,73.1580,41.6876
699,BASELINE,NEW_DATA,4.5410,72.9167,42.2662
700,BASELINE,NEW_DATA,4.5380,72.9167,42.2662
701,BASELINE,NEW_DATA,4.5395,72.9167,42.2662
702,BASELINE,NEW_DATA,4.5353,72.9167,42.2662
703,BASELINE,NEW_DATA,4.5334,72.9167,42.2662
704,BASELINE,NEW_DATA,4.5353,72.6906,42.0722
705,BASELINE,NEW_DATA,4.5326,72.6906,42.0722
706,BASELINE,NEW_DATA,4.5319,72.6906,42.0722
707,BASELINE,NEW_DATA,4.5319,72.6906,42.0722
708,BASELINE,NEW_DATA,4.5341,72.6906,42.0722
709,BASELINE,NEW_DATA,4.5280,72.6518,41.7604
710,BASELINE,NEW_DATA,4.5303,72.6518,41.7604
711,BASELINE,NEW_DATA,4.5277,72.6518,41.7604
712,BASELINE,NEW_DATA,4.5303,72.6518,41.7604
713,BASELINE,NEW_DATA,4.5258,72.6295,42.5383
714,BASELINE,NEW_DATA,4.5280,72.6295,42.5383
715,BASELINE,NEW_DATA,4.5242,72.6295,42.5383
716,BASELINE,NEW_DATA,4.5280,72.6295,42.5383
717,BASELINE,NEW_DATA,4.5223,72.6295,42.5383
718,BASELINE,NEW_DATA,4.5227,72.6392,42.6908
719,BASELINE,NEW_DATA,4.5212,72.6392,42.6908
720,BASELINE,NEW_DATA,4.5204,72.6392,42.6908
721,BASELINE,NEW_DATA,4.5197,72.6392,42.6908
722,BASELINE,NEW_DATA,4.5197,72.6392,42.6908
723,BASELINE,NEW_DATA,4.5181,72.3016,43.8628
724,BASELINE,NEW_DATA,4.5166,72.3016,43.8628
725,BASELINE,NEW_DATA,4.5166,72.3016,43.8628
726,BASELINE,NEW_DATA,4.5135,72.3016,43.8628
727,BASELINE,NEW_DATA,4.5177,72.3016,44.1386
728,BASELINE,NEW_DATA,4.5151,72.3016,44.1386
729,BASELINE,NEW_DATA,4.5166,72.3016,44.1386
730,BASELINE,NEW_DATA,4.5135,72.3016,44.1386
731,BASELINE,NEW_DATA,4.5135,72.3016,44.1386
732,BASELINE,NEW_DATA,4.5135,72.1649,44.3323
733,BASELINE,NEW_DATA,4.5120,72.1649,44.3323
734,BASELINE,NEW_DATA,4.5105,72.1649,44.3323
735,BASELINE,NEW_DATA,4.5105,72.1649,44.3323
736,BASELINE,NEW_DATA,4.5094,72.1649,44.3323
737,BASELINE,NEW_DATA,4.5094,72.0165,44.0830
738,BASELINE,NEW_DATA,4.5074,72.0165,44.0830
739,BASELINE,NEW_DATA,4.5059,72.0165,44.0830
740,BASELINE,NEW_DATA,4.5052,72.0165,44.0830
741,BASELINE,NEW_DATA,4.5044,72.0165,44.0830
742,BASELINE,NEW_DATA,4.5074,72.0165,44.3807
743,BASELINE,NEW_DATA,4.4975,72.0165,44.3807
744,BASELINE,NEW_DATA,4.4968,72.0165,44.3807
745,BASELINE,NEW_DATA,4.4971,72.0165,44.3807
746,BASELINE,NEW_DATA,4.4983,72.0165,44.3807
747,BASELINE,NEW_DATA,4.4968,72.0288,44.4249
748,BASELINE,NEW_DATA,4.4987,72.0288,44.4249
749,BASELINE,NEW_DATA,4.4968,72.0288,44.4249
750,BASELINE,NEW_DATA,4.4960,72.0288,44.4249
751,BASELINE,NEW_DATA,4.4952,72.0288,44.4249
752,BASELINE,NEW_DATA,4.4922,72.0288,44.4249
753,BASELINE,NEW_DATA,4.4956,72.0288,44.4249
754,BASELINE,NEW_DATA,4.4952,72.0288,44.4249
755,BASELINE,NEW_DATA,4.4945,72.0288,44.4249
756,BASELINE,NEW_DATA,4.4937,72.0288,44.4249
757,BASELINE,NEW_DATA,4.4922,72.0041,44.2477
758,BASELINE,NEW_DATA,4.4922,72.0041,44.2477
759,BASELINE,NEW_DATA,4.4907,72.0041,44.2477
760,BASELINE,NEW_DATA,4.4895,72.0041,44.2477
761,BASELINE,NEW_DATA,4.4861,72.0041,44.2477
762,BASELINE,NEW_DATA,4.4876,71.9548,43.8097
763,BASELINE,NEW_DATA,4.4876,71.9548,43.8097
764,BASELINE,NEW_DATA,4.4849,71.9548,43.8097
765,BASELINE,NEW_DATA,4.4846,71.9548,43.8097
766,BASELINE,NEW_DATA,4.4846,71.9548,43.8097
767,BASELINE,NEW_DATA,4.4800,71.9548,43.8097
768,BASELINE,NEW_DATA,4.4819,71.9548,43.8097
769,BASELINE,NEW_DATA,4.4827,71.9548,43.8097
770,BASELINE,NEW_DATA,4.4769,71.9548,43.8097
771,BASELINE,NEW_DATA,4.4781,71.9548,43.8097
772,BASELINE,NEW_DATA,4.4758,71.9424,43.3507
773,BASELINE,NEW_DATA,4.4758,71.9424,43.3507
774,BASELINE,NEW_DATA,4.4754,71.9424,43.3507
775,BASELINE,NEW_DATA,4.4724,71.9424,43.3507
776,BASELINE,NEW_DATA,4.4724,71.9424,43.3507
777,BASELINE,NEW_DATA,4.4739,71.9424,43.3507
778,BASELINE,NEW_DATA,4.4720,71.9424,43.3507
779,BASELINE,NEW_DATA,4.4724,71.9424,43.3507
780,BASELINE,NEW_DATA,4.4724,71.9424,43.3507
781,BASELINE,NEW_DATA,4.4739,71.9424,43.3507
782,BASELINE,NEW_DATA,4.4773,72.1030,41.8415
783,BASELINE,NEW_DATA,4.4762,72.1030,41.8415
784,BASELINE,NEW_DATA,4.4754,72.1030,41.8415
785,BASELINE,NEW_DATA,4.4746,72.1030,41.8415
786,BASELINE,NEW_DATA,4.4731,72.1030,41.8415
787,BASELINE,NEW_DATA,4.4754,72.2046,41.5840
788,BASELINE,NEW_DATA,4.4746,72.2046,41.5840
789,BASELINE,NEW_DATA,4.4739,72.2046,41.5840
790,BASELINE,NEW_DATA,4.4731,72.2046,41.5840
791,BASELINE,NEW_DATA,4.4746,72.2046,41.5840
792,BASELINE,NEW_DATA,4.4708,72.1774,41.8629
793,BASELINE,NEW_DATA,4.4716,72.1774,41.8629
794,BASELINE,NEW_DATA,4.4697,72.1774,41.8629
795,BASELINE,NEW_DATA,4.4678,72.1774,41.8629
796,BASELINE,NEW_DATA,4.4640,72.1774,41.8629
797,BASELINE,NEW_DATA,4.4624,72.3016,41.7192
798,BASELINE,NEW_DATA,4.4617,72.3016,41.7192
799,BASELINE,NEW_DATA,4.4571,72.3016,41.7192
800,BASELINE,NEW_DATA,4.4514,72.3016,41.7192
801,BASELINE,NEW_DATA,4.4548,72.3016,41.7192
802,BASELINE,NEW_DATA,4.4533,72.3016,41.7433
803,BASELINE,NEW_DATA,4.4525,72.3016,41.7433
804,BASELINE,NEW_DATA,4.4529,72.3016,41.7433
805,BASELINE,NEW_DATA,4.4514,72.3016,41.7433
806,BASELINE,NEW_DATA,4.4525,72.3016,41.7433
807,BASELINE,NEW_DATA,4.4563,72.7021,41.8074
808,BASELINE,NEW_DATA,4.4495,72.7021,41.8074
809,BASELINE,NEW_DATA,4.4495,72.7021,41.8074
810,BASELINE,NEW_DATA,4.4510,72.7021,41.8074
811,BASELINE,NEW_DATA,4.4479,72.7021,41.8074
812,BASELINE,NEW_DATA,4.4510,72.7028,41.8540
813,BASELINE,NEW_DATA,4.4487,72.7028,41.8540
814,BASELINE,NEW_DATA,4.4487,72.7028,41.8540
815,BASELINE,NEW_DATA,4.4495,72.7028,41.8540
816,BASELINE,NEW_DATA,4.4468,72.7028,41.8540
817,BASELINE,NEW_DATA,4.4472,72.9293,41.9438
818,BASELINE,NEW_DATA,4.4456,72.9293,41.9438
819,BASELINE,NEW_DATA,4.4464,72.9293,41.9438
820,BASELINE,NEW_DATA,4.4449,72.9293,41.9438
821,BASELINE,NEW_DATA,4.4434,72.9293,41.9438
822,BASELINE,NEW_DATA,4.4434,73.0717,42.2518
823,BASELINE,NEW_DATA,4.4430,73.0717,42.2518
824,BASELINE,NEW_DATA,4.4411,73.0717,42.2518
825,BASELINE,NEW_DATA,4.4422,73.0717,42.2518
826,BASELINE,NEW_DATA,4.4388,73.0717,42.2518
827,BASELINE,NEW_DATA,4.4437,73.1088,42.1725
828,BASELINE,NEW_DATA,4.4373,73.1088,42.1725
829,BASELINE,NEW_DATA,4.4365,73.1088,42.1725
830,BASELINE,NEW_DATA,4.4350,73.1088,42.1725
831,BASELINE,NEW_DATA,4.4373,73.1088,42.1725
832,BASELINE,NEW_DATA,4.4327,73.2473,42.1725
833,BASELINE,NEW_DATA,4.4342,73.2473,42.1725
834,BASELINE,NEW_DATA,4.4334,73.2473,42.1725
835,BASELINE,NEW_DATA,4.4357,73.2473,42.1725
836,BASELINE,NEW_DATA,4.4350,73.2473,42.1725
837,BASELINE,NEW_DATA,4.4331,73.2824,42.0261
838,BASELINE,NEW_DATA,4.4327,73.2824,42.0261
839,BASELINE,NEW_DATA,4.4350,73.2824,42.0261
840,BASELINE,NEW_DATA,4.4319,73.2824,42.0261
841,BASELINE,NEW_DATA,4.4315,73.2824,42.0261
842,BASELINE,NEW_DATA,4.4315,73.3368,42.2577
843,BASELINE,NEW_DATA,4.4319,73.3368,42.2577
844,BASELINE,NEW_DATA,4.4327,73.3368,42.2577
845,BASELINE,NEW_DATA,4.4357,73.3368,42.2577
846,BASELINE,NEW_DATA,4.4319,73.3368,42.2577
847,BASELINE,NEW_DATA,4.4342,73.3322,41.9968
848,BASELINE,NEW_DATA,4.4273,73.3322,41.9968
849,BASELINE,NEW_DATA,4.4289,73.3322,41.9968
850,BASELINE,NEW_DATA,4.4270,73.3322,41.9968
851,BASELINE,NEW_DATA,4.4270,73.3322,41.9968
852,BASELINE,NEW_DATA,4.4250,73.0964,42.1809
853,BASELINE,NEW_DATA,4.4220,73.0964,42.1809
854,BASELINE,NEW_DATA,4.4220,73.0964,42.1809
855,BASELINE,NEW_DATA,4.4220,73.0964,42.1809
856,BASELINE,NEW_DATA,4.4197,73.0964,42.1809
857,BASELINE,NEW_DATA,4.4197,72.9547,42.1809
858,BASELINE,NEW_DATA,4.4174,72.9547,42.1809
859,BASELINE,NEW_DATA,4.4174,72.9547,42.1809
860,BASELINE,NEW_DATA,4.4151,72.9547,42.1809
861,BASELINE,NEW_DATA,4.4136,72.9547,42.1809
862,BASELINE,NEW_DATA,4.4140,72.9360,42.4927
863,BASELINE,NEW_DATA,4.4125,72.9360,42.4927
864,BASELINE,NEW_DATA,4.4167,72.9360,42.4927
865,BASELINE,NEW_DATA,4.4098,72.9360,42.4927
866,BASELINE,NEW_DATA,4.4121,72.9360,42.4927
867,BASELINE,NEW_DATA,4.4128,73.4194,52.8518
868,BASELINE,NEW_DATA,4.4128,73.4194,52.8518
869,BASELINE,NEW_DATA,4.4121,73.4194,52.8518
870,BASELINE,NEW_DATA,4.4106,73.4194,52.8518
871,BASELINE,NEW_DATA,4.4102,73.4194,52.8518
872,BASELINE,NEW_DATA,4.4083,72.5204,42.7785
873,BASELINE,NEW_DATA,4.4106,72.5204,42.7785
874,BASELINE,NEW_DATA,4.4075,72.5204,42.7785
875,BASELINE,NEW_DATA,4.4098,72.5204,42.7785
876,BASELINE,NEW_DATA,4.4086,72.5204,42.7785
877,BASELINE,NEW_DATA,4.4075,72.4013,42.6991
878,BASELINE,NEW_DATA,4.4056,72.4013,42.6991
879,BASELINE,NEW_DATA,4.4052,72.4013,42.6991
880,BASELINE,NEW_DATA,4.4052,72.4013,42.6991
881,BASELINE,NEW_DATA,4.4098,72.4013,42.6991
882,BASELINE,NEW_DATA,4.4029,72.0721,42.6991
883,BASELINE,NEW_DATA,4.4022,72.0721,42.6991
884,BASELINE,NEW_DATA,4.3968,72.0721,42.6991
885,BASELINE,NEW_DATA,4.3991,72.0721,42.6991
886,BASELINE,NEW_DATA,4.3961,71.8816,43.1939
887,BASELINE,NEW_DATA,4.3945,71.8816,43.1939
888,BASELINE,NEW_DATA,4.3968,71.8816,43.1939
889,BASELINE,NEW_DATA,4.3999,71.8816,43.1939
890,BASELINE,NEW_DATA,4.3976,71.8816,43.1939
891,BASELINE,NEW_DATA,4.3949,71.8816,43.1939
892,BASELINE,NEW_DATA,4.3957,71.8816,43.1939
893,BASELINE,NEW_DATA,4.3964,71.8816,43.1939
894,BASELINE,NEW_DATA,4.3953,71.8816,43.1939
895,BASELINE,NEW_DATA,4.3949,71.8816,43.1939
896,BASELINE,NEW_DATA,4.3945,71.8689,43.2806
897,BASELINE,NEW_DATA,4.3999,71.8689,43.2806
898,BASELINE,NEW_DATA,4.3938,71.8689,43.2806
899,BASELINE,NEW_DATA,4.3915,71.8689,43.2806
900,BASELINE,NEW_DATA,4.3930,71.8689,43.2806
901,BASELINE,NEW_DATA,4.3945,71.8816,43.4659
902,BASELINE,NEW_DATA,4.3964,71.8816,43.4659
903,BASELINE,NEW_DATA,4.3968,71.8816,43.4659
904,BASELINE,NEW_DATA,4.3854,71.8816,43.4659
905,BASELINE,NEW_DATA,4.4083,71.8816,43.4659
906,BASELINE,NEW_DATA,4.3980,71.8816,43.4659
907,BASELINE,NEW_DATA,4.3869,71.8816,43.4659
908,BASELINE,NEW_DATA,4.3816,71.8816,43.4659
909,BASELINE,NEW_DATA,4.3781,71.8816,43.4659
910,BASELINE,NEW_DATA,4.3800,71.8816,43.4659
911,BASELINE,NEW_DATA,4.3777,71.7804,43.2022
912,BASELINE,NEW_DATA,4.3766,71.7804,43.2022
913,BASELINE,NEW_DATA,4.3713,71.7804,43.2022
914,BASELINE,NEW_DATA,4.3747,71.7804,43.2022
915,BASELINE,NEW_DATA,4.3816,71.7804,43.2022
916,BASELINE,NEW_DATA,4.3839,71.8172,43.2022
917,BASELINE,NEW_DATA,4.3839,71.8172,43.2022
918,BASELINE,NEW_DATA,4.3884,71.8172,43.2022
919,BASELINE,NEW_DATA,4.3884,71.8172,43.2022
920,BASELINE,NEW_DATA,4.3884,71.8172,43.2022
921,BASELINE,NEW_DATA,4.3968,71.9323,43.3384
922,BASELINE,NEW_DATA,4.4048,71.9323,43.3384
923,BASELINE,NEW_DATA,4.4052,71.9323,43.3384
924,BASELINE,NEW_DATA,4.3934,71.9323,43.3384
925,BASELINE,NEW_DATA,4.3877,71.9323,43.3384
926,BASELINE,NEW_DATA,4.3839,72.0466,43.5972
927,BASELINE,NEW_DATA,4.3827,72.0466,43.5972
928,BASELINE,NEW_DATA,4.3781,72.0466,43.5972
929,BASELINE,NEW_DATA,4.3766,72.0466,43.5972
930,BASELINE,NEW_DATA,4.3793,72.0466,43.5972
931,BASELINE,NEW_DATA,4.3777,72.0466,43.5972
932,BASELINE,NEW_DATA,4.3747,72.0466,43.5972
933,BASELINE,NEW_DATA,4.3747,72.0466,43.5972
934,BASELINE,NEW_DATA,4.3762,72.0466,43.5972
935,BASELINE,NEW_DATA,4.3762,72.0466,43.5972
936,BASELINE,NEW_DATA,4.3777,72.1230,43.5644
937,BASELINE,NEW_DATA,4.3777,72.1230,43.5644
938,BASELINE,NEW_DATA,4.3777,72.1230,43.5644
939,BASELINE,NEW_DATA,4.3781,72.1230,43.5644
940,BASELINE,NEW_DATA,4.3766,72.1230,43.5644
941,BASELINE,NEW_DATA,4.3793,72.1402,43.4988
942,BASELINE,NEW_DATA,4.3816,72.1402,43.4988
943,BASELINE,NEW_DATA,4.3808,72.1402,43.4988
944,BASELINE,NEW_DATA,4.3800,72.1402,43.4988
945,BASELINE,NEW_DATA,4.3793,72.1402,43.4988
946,BASELINE,NEW_DATA,4.3800,72.0085,43.4988
947,BASELINE,NEW_DATA,4.3739,72.0085,43.4988
948,BASELINE,NEW_DATA,4.3728,72.0085,43.4988
949,BASELINE,NEW_DATA,4.3701,72.0085,43.4988
950,BASELINE,NEW_DATA,4.3686,72.0085,43.4988
951,BASELINE,NEW_DATA,4.3655,71.9450,43.2683
952,BASELINE,NEW_DATA,4.3655,71.9450,43.2683
953,BASELINE,NEW_DATA,4.3633,71.9450,43.2683
954,BASELINE,NEW_DATA,4.3625,71.9450,43.2683
955,BASELINE,NEW_DATA,4.3610,71.9450,43.2683
956,BASELINE,NEW_DATA,4.3610,71.9450,43.2683
957,BASELINE,NEW_DATA,4.3617,71.9450,43.2683
958,BASELINE,NEW_DATA,4.3598,71.9450,43.2683
959,BASELINE,NEW_DATA,4.3598,71.9450,43.2683
960,BASELINE,NEW_DATA,4.3583,71.9450,43.2683
961,BASELINE,NEW_DATA,4.3579,71.9577,43.1360
962,BASELINE,NEW_DATA,4.3564,71.9577,43.1360
963,BASELINE,NEW_DATA,4.3579,71.9577,43.1360
964,BASELINE,NEW_DATA,4.3556,71.9577,43.1360
965,BASELINE,NEW_DATA,4.3556,71.9577,43.1360
966,BASELINE,NEW_DATA,4.3533,72.0659,43.8748
967,BASELINE,NEW_DATA,4.3549,72.0659,43.8748
968,BASELINE,NEW_DATA,4.3522,72.0659,43.8748
969,BASELINE,NEW_DATA,4.3549,72.0659,43.8748
970,BASELINE,NEW_DATA,4.3518,72.0659,43.8748
971,BASELINE,NEW_DATA,4.3503,72.1103,43.8748
972,BASELINE,NEW_DATA,4.3476,72.1103,43.8748
973,BASELINE,NEW_DATA,4.3472,72.1103,43.8748
974,BASELINE,NEW_DATA,4.3468,72.1103,43.8748
975,BASELINE,NEW_DATA,4.3457,72.1103,43.8748
976,BASELINE,NEW_DATA,4.3446,72.0848,43.8097
977,BASELINE,NEW_DATA,4.3442,72.0848,43.8097
978,BASELINE,NEW_DATA,4.3427,72.0848,43.8097
979,BASELINE,NEW_DATA,4.3411,72.0848,43.8097
980,BASELINE,NEW_DATA,4.3396,72.0848,43.8097
981,BASELINE,NEW_DATA,4.3396,72.0848,43.9243
982,BASELINE,NEW_DATA,4.3385,72.0848,43.9243
983,BASELINE,NEW_DATA,4.3381,72.0848,43.9243
984,BASELINE,NEW_DATA,4.3373,72.0848,43.9243
985,BASELINE,NEW_DATA,4.3369,72.0848,43.9243
986,BASELINE,NEW_DATA,4.3350,72.2124,43.8097
987,BASELINE,NEW_DATA,4.3396,72.2124,43.8097
988,BASELINE,NEW_DATA,4.3335,72.2124,43.8097
989,BASELINE,NEW_DATA,4.3354,72.2124,43.8097
990,BASELINE,NEW_DATA,4.3327,72.2124,43.8097
991,BASELINE,NEW_DATA,4.3320,72.1402,43.6749
992,BASELINE,NEW_DATA,4.3320,72.1402,43.6749
993,BASELINE,NEW_DATA,4.3335,72.1402,43.6749
994,BASELINE,NEW_DATA,4.3335,72.1402,43.6749
995,BASELINE,NEW_DATA,4.3297,72.1402,43.6749
996,BASELINE,NEW_DATA,4.3308,72.3533,43.9532
997,BASELINE,NEW_DATA,4.3304,72.3533,43.9532
998,BASELINE,NEW_DATA,4.3289,72.3533,43.9532
999,BASELINE,NEW_DATA,4.3278,72.3533,43.9532
1000,BASELINE,NEW_DATA,4.3282,72.3533,43.9532
1001,BASELINE,NEW_DATA,4.3278,72.3020,43.6422
1002,BASELINE,NEW_DATA,4.3262,72.3020,43.6422
1003,BASELINE,NEW_DATA,4.3266,72.3020,43.6422
1004,BASELINE,NEW_DATA,4.3289,72.3020,43.6422
1005,BASELINE,NEW_DATA,4.3243,72.3020,43.6422
1006,BASELINE,NEW_DATA,4.3213,72.3020,43.8913
1007,BASELINE,NEW_DATA,4.3205,72.3020,43.8913
1008,BASELINE,NEW_DATA,4.3213,72.3020,43.8913
1009,BASELINE,NEW_DATA,4.3198,72.3020,43.8913
1010,BASELINE,NEW_DATA,4.3186,72.3020,43.8913
1011,BASELINE,NEW_DATA,4.3190,72.6496,44.1628
1012,BASELINE,NEW_DATA,4.3247,72.6496,44.1628
1013,BASELINE,NEW_DATA,4.3182,72.6496,44.1628
1014,BASELINE,NEW_DATA,4.3159,72.6496,44.1628
1015,BASELINE,NEW_DATA,4.3152,72.6496,44.1628
1016,BASELINE,NEW_DATA,4.3152,72.6895,44.0008
1017,BASELINE,NEW_DATA,4.3140,72.6895,44.0008
1018,BASELINE,NEW_DATA,4.3140,72.6895,44.0008
1019,BASELINE,NEW_DATA,4.3144,72.6895,44.0008
1020,BASELINE,NEW_DATA,4.3140,72.6895,44.0008
1021,BASELINE,NEW_DATA,4.3129,72.7922,44.2817
1022,BASELINE,NEW_DATA,4.3102,72.7922,44.2817
1023,BASELINE,NEW_DATA,4.3137,72.7922,44.2817
1024,BASELINE,NEW_DATA,4.3121,72.7922,44.2817
1025,BASELINE,NEW_DATA,4.3121,72.7922,44.2817
1026,BASELINE,NEW_DATA,4.3106,72.8282,43.9643
1027,BASELINE,NEW_DATA,4.3098,72.8282,43.9643
1028,BASELINE,NEW_DATA,4.3121,72.8282,43.9643
1029,BASELINE,NEW_DATA,4.3091,72.8282,43.9643
1030,BASELINE,NEW_DATA,4.3098,72.8282,43.9643
1031,BASELINE,NEW_DATA,4.3079,72.9875,44.2449
1032,BASELINE,NEW_DATA,4.3076,72.9875,44.2449
1033,BASELINE,NEW_DATA,4.3076,72.9875,44.2449
1034,BASELINE,NEW_DATA,4.3060,72.9875,44.2449
1035,BASELINE,NEW_DATA,4.3060,72.9875,44.2449
1036,BASELINE,NEW_DATA,4.3095,73.1445,44.0808
1037,BASELINE,NEW_DATA,4.3049,73.1445,44.0808
1038,BASELINE,NEW_DATA,4.3022,73.1445,44.0808
1039,BASELINE,NEW_DATA,4.3015,73.1445,44.0808
1040,BASELINE,NEW_DATA,4.2999,73.1445,44.0808
1041,BASELINE,NEW_DATA,4.3003,73.3240,44.0941
1042,BASELINE,NEW_DATA,4.2992,73.3240,44.0941
1043,BASELINE,NEW_DATA,4.2969,73.3240,44.0941
1044,BASELINE,NEW_DATA,4.2973,73.3240,44.0941
1045,BASELINE,NEW_DATA,4.2973,73.3240,44.0941
1046,BASELINE,NEW_DATA,4.2957,73.2890,43.7176
1047,BASELINE,NEW_DATA,4.2969,73.2890,43.7176
1048,BASELINE,NEW_DATA,4.2957,73.2890,43.7176
1049,BASELINE,NEW_DATA,4.2953,73.2890,43.7176
1050,BASELINE,NEW_DATA,4.2942,73.4651,43.4042
1051,BASELINE,NEW_DATA,4.2999,73.4651,43.4042
1052,BASELINE,NEW_DATA,4.2923,73.4651,43.4042
1053,BASELINE,NEW_DATA,4.2931,73.4651,43.4042
1054,BASELINE,NEW_DATA,4.2953,73.4651,43.4042
1055,BASELINE,NEW_DATA,4.2938,73.4908,44.2557
1056,BASELINE,NEW_DATA,4.2938,73.4908,44.2557
1057,BASELINE,NEW_DATA,4.2912,73.4908,44.2557
1058,BASELINE,NEW_DATA,4.2923,73.4908,44.2557
1059,BASELINE,NEW_DATA,4.2938,73.4908,44.2557
1060,BASELINE,NEW_DATA,4.2908,73.5798,44.4287
1061,BASELINE,NEW_DATA,4.2923,73.5798,44.4287
1062,BASELINE,NEW_DATA,4.2915,73.5798,44.4287
1063,BASELINE,NEW_DATA,4.2908,73.5798,44.4287
1064,BASELINE,NEW_DATA,4.2892,73.5798,44.4287
1065,BASELINE,NEW_DATA,4.2885,73.3240,45.4030
1066,BASELINE,NEW_DATA,4.2881,73.3240,45.4030
1067,BASELINE,NEW_DATA,4.2892,73.3240,45.4030
1068,BASELINE,NEW_DATA,4.2885,73.3240,45.4030
1069,BASELINE,NEW_DATA,4.2862,73.3240,45.4030
1070,BASELINE,NEW_DATA,4.2847,73.2890,45.6316
1071,BASELINE,NEW_DATA,4.2831,73.2890,45.6316
1072,BASELINE,NEW_DATA,4.2839,73.2890,45.6316
1073,BASELINE,NEW_DATA,4.2824,73.2890,45.6316
1074,BASELINE,NEW_DATA,4.2816,73.2890,45.6316
1075,BASELINE,NEW_DATA,4.2805,72.9547,45.4973
1076,BASELINE,NEW_DATA,4.2801,72.9547,45.4973
1077,BASELINE,NEW_DATA,4.2786,72.9547,45.4973
1078,BASELINE,NEW_DATA,4.2786,72.9547,45.4973
1079,BASELINE,NEW_DATA,4.2793,72.9547,45.4973
1080,BASELINE,NEW_DATA,4.2786,72.8702,45.4287
1081,BASELINE,NEW_DATA,4.2763,72.8702,45.4287
1082,BASELINE,NEW_DATA,4.2774,72.8702,45.4287
1083,BASELINE,NEW_DATA,4.2759,72.8702,45.4287
1084,BASELINE,NEW_DATA,4.2740,72.8702,45.4287
1085,BASELINE,NEW_DATA,4.2759,72.8051,46.8165
1086,BASELINE,NEW_DATA,4.2770,72.8051,46.8165
1087,BASELINE,NEW_DATA,4.2744,72.8051,46.8165
1088,BASELINE,NEW_DATA,4.2740,72.8051,46.8165
1089,BASELINE,NEW_DATA,4.2740,72.8051,46.8165
1090,BASELINE,NEW_DATA,4.2740,72.8661,46.7440
1091,BASELINE,NEW_DATA,4.2725,72.8661,46.7440
1092,BASELINE,NEW_DATA,4.2725,72.8661,46.7440
1093,BASELINE,NEW_DATA,4.2725,72.8661,46.7440
1094,BASELINE,NEW_DATA,4.2755,72.8661,46.7440
1095,BASELINE,NEW_DATA,4.2713,72.7532,46.3212
1096,BASELINE,NEW_DATA,4.2725,72.7532,46.3212
1097,BASELINE,NEW_DATA,4.2702,72.7532,46.3212
1098,BASELINE,NEW_DATA,4.2702,72.7532,46.3212
1099,BASELINE,NEW_DATA,4.2679,72.7532,46.3212
1100,BASELINE,NEW_DATA,4.2690,72.7651,46.0512
1101,BASELINE,NEW_DATA,4.2671,72.7651,46.0512
1102,BASELINE,NEW_DATA,4.2679,72.7651,46.0512
1103,BASELINE,NEW_DATA,4.2637,72.7651,46.0512
1104,BASELINE,NEW_DATA,4.2633,72.7651,46.0512
1105,BASELINE,NEW_DATA,4.2633,72.7662,46.2860
1106,BASELINE,NEW_DATA,4.2633,72.7662,46.2860
1107,BASELINE,NEW_DATA,4.2610,72.7662,46.2860
1108,BASELINE,NEW_DATA,4.2606,72.7662,46.2860
1109,BASELINE,NEW_DATA,4.2618,72.7662,46.2860
1110,BASELINE,NEW_DATA,4.2656,72.6884,46.0512
1111,BASELINE,NEW_DATA,4.2587,72.6884,46.0512
1112,BASELINE,NEW_DATA,4.2587,72.6884,46.0512
1113,BASELINE,NEW_DATA,4.2587,72.6884,46.0512
1114,BASELINE,NEW_DATA,4.2587,72.6884,46.0512
1115,BASELINE,NEW_DATA,4.2564,72.9040,45.2572
1116,BASELINE,NEW_DATA,4.2576,72.9040,45.2572
1117,BASELINE,NEW_DATA,4.2557,72.9040,45.2572
1118,BASELINE,NEW_DATA,4.2534,72.9040,45.2572
1119,BASELINE,NEW_DATA,4.2542,72.9040,45.2572
1120,BASELINE,NEW_DATA,4.2557,72.8702,45.2572
1121,BASELINE,NEW_DATA,4.2549,72.8702,45.2572
1122,BASELINE,NEW_DATA,4.2561,72.8702,45.2572
1123,BASELINE,NEW_DATA,4.2526,72.8702,45.2572
1124,BASELINE,NEW_DATA,4.2534,72.8702,45.2572
1125,BASELINE,NEW_DATA,4.2545,72.9744,44.9603
1126,BASELINE,NEW_DATA,4.2511,72.9744,44.9603
1127,BASELINE,NEW_DATA,4.2530,72.9744,44.9603
1128,BASELINE,NEW_DATA,4.2530,72.9744,44.9603
1129,BASELINE,NEW_DATA,4.2511,72.9744,44.9603
1130,BASELINE,NEW_DATA,4.2488,73.0435,44.9086
1131,BASELINE,NEW_DATA,4.2480,73.0435,44.9086
1132,BASELINE,NEW_DATA,4.2419,73.0435,44.9086
1133,BASELINE,NEW_DATA,4.2530,73.0435,44.9086
1134,BASELINE,NEW_DATA,4.2450,73.0435,44.9086
1135,BASELINE,NEW_DATA,4.2465,73.0397,44.9086
1136,BASELINE,NEW_DATA,4.2435,73.0397,44.9086
1137,BASELINE,NEW_DATA,4.2419,73.0397,44.9086
1138,BASELINE,NEW_DATA,4.2427,73.0397,44.9086
1139,BASELINE,NEW_DATA,4.2404,73.0397,44.9086
1140,BASELINE,NEW_DATA,4.2393,73.0816,44.4410
1141,BASELINE,NEW_DATA,4.2435,73.0816,44.4410
1142,BASELINE,NEW_DATA,4.2385,73.0816,44.4410
1143,BASELINE,NEW_DATA,4.2397,73.0816,44.4410
1144,BASELINE,NEW_DATA,4.2381,73.0816,44.4410
1145,BASELINE,NEW_DATA,4.2381,73.3624,44.3220
1146,BASELINE,NEW_DATA,4.2343,73.3624,44.3220
1147,BASELINE,NEW_DATA,4.2328,73.3624,44.3220
1148,BASELINE,NEW_DATA,4.2320,73.3624,44.3220
1149,BASELINE,NEW_DATA,4.2267,73.3624,44.3220
1150,BASELINE,NEW_DATA,4.2328,74.2223,44.5734
1151,BASELINE,NEW_DATA,4.2316,74.2223,44.5734
1152,BASELINE,NEW_DATA,4.2271,74.2223,44.5734
1153,BASELINE,NEW_DATA,4.2244,74.2223,44.5734
1154,BASELINE,NEW_DATA,4.2328,74.2223,44.5734
1155,BASELINE,NEW_DATA,4.2347,74.3758,44.6334
1156,BASELINE,NEW_DATA,4.2404,74.3758,44.6334
1157,BASELINE,NEW_DATA,4.2351,74.3758,44.6334
1158,BASELINE,NEW_DATA,4.2377,74.3758,44.6334
1159,BASELINE,NEW_DATA,4.2351,74.3758,44.6334
1160,BASELINE,NEW_DATA,4.2358,75.2149,44.6386
1161,BASELINE,NEW_DATA,4.2339,75.2149,44.6386
1162,BASELINE,NEW_DATA,4.2320,75.2149,44.6386
1163,BASELINE,NEW_DATA,4.2313,75.2149,44.6386
1164,BASELINE,NEW_DATA,4.2358,75.2149,44.6386
1165,BASELINE,NEW_DATA,4.2301,73.6196,44.7613
1166,BASELINE,NEW_DATA,4.2305,73.6196,44.7613
1167,BASELINE,NEW_DATA,4.2313,73.6196,44.7613
1168,BASELINE,NEW_DATA,4.2297,73.6196,44.7613
1169,BASELINE,NEW_DATA,4.2297,73.6196,44.7613
1170,BASELINE,NEW_DATA,4.2244,73.7453,44.8051
1171,BASELINE,NEW_DATA,4.2213,73.7453,44.8051
1172,BASELINE,NEW_DATA,4.2267,73.7453,44.8051
1173,BASELINE,NEW_DATA,4.2221,73.7453,44.8051
1174,BASELINE,NEW_DATA,4.2221,73.7453,44.8051
1175,BASELINE,NEW_DATA,4.2206,73.7489,44.8051
1176,BASELINE,NEW_DATA,4.2198,73.7489,44.8051
1177,BASELINE,NEW_DATA,4.2213,73.7489,44.8051
1178,BASELINE,NEW_DATA,4.2213,73.7489,44.8051
1179,BASELINE,NEW_DATA,4.2206,73.7489,44.8051
1180,BASELINE,NEW_DATA,4.2221,73.8462,44.9484
1181,BASELINE,NEW_DATA,4.2221,73.8462,44.9484
1182,BASELINE,NEW_DATA,4.2217,73.8462,44.9484
1183,BASELINE,NEW_DATA,4.2213,73.8462,44.9484
1184,BASELINE,NEW_DATA,4.2198,73.8462,44.9484
1185,BASELINE,NEW_DATA,4.2145,73.9599,44.7692
1186,BASELINE,NEW_DATA,4.2179,73.9599,44.7692
1187,BASELINE,NEW_DATA,4.2229,73.9599,44.7692
1188,BASELINE,NEW_DATA,4.2210,73.9599,44.7692
1189,BASELINE,NEW_DATA,4.2206,73.9599,44.7692
1190,BASELINE,NEW_DATA,4.2183,73.9599,44.7692
1191,BASELINE,NEW_DATA,4.2156,73.9599,44.7692
1192,BASELINE,NEW_DATA,4.2152,73.9599,44.7692
1193,BASELINE,NEW_DATA,4.2145,73.9599,44.7692
1194,BASELINE,NEW_DATA,4.2133,73.9599,44.7692
1195,BASELINE,NEW_DATA,4.2168,74.0995,44.5453
1196,BASELINE,NEW_DATA,4.2114,74.0995,44.5453
1197,BASELINE,NEW_DATA,4.2114,74.0995,44.5453
1198,BASELINE,NEW_DATA,4.2114,74.0995,44.5453
1199,BASELINE,NEW_DATA,4.2091,74.0995,44.5453
1200,BASELINE,NEW_DATA,4.2057,74.1886,44.2840
1201,BASELINE,NEW_DATA,4.2091,74.1886,44.2840
1202,BASELINE,NEW_DATA,4.2084,74.1886,44.2840
1203,BASELINE,NEW_DATA,4.2091,74.1886,44.2840
1204,BASELINE,NEW_DATA,4.2095,74.1886,44.2840
1205,BASELINE,NEW_DATA,4.2061,74.1886,44.2840
1206,BASELINE,NEW_DATA,4.2061,74.1886,44.2840
1207,BASELINE,NEW_DATA,4.2068,74.1886,44.2840
1208,BASELINE,NEW_DATA,4.2068,74.1886,44.2840
1209,BASELINE,NEW_DATA,4.2038,74.1886,44.2840
1210,BASELINE,NEW_DATA,4.2068,74.0868,43.8585
1211,BASELINE,NEW_DATA,4.2103,74.0868,43.8585
1212,BASELINE,NEW_DATA,4.2065,74.0868,43.8585
1213,BASELINE,NEW_DATA,4.2076,74.0868,43.8585
1214,BASELINE,NEW_DATA,4.2057,74.0868,44.0726
1215,BASELINE,NEW_DATA,4.2053,74.0868,44.0726
1216,BASELINE,NEW_DATA,4.2042,74.0868,44.0726
1217,BASELINE,NEW_DATA,4.2038,74.0868,44.0726
1218,BASELINE,NEW_DATA,4.2030,74.0868,44.0726
1219,BASELINE,NEW_DATA,4.2038,73.9093,44.5493
1220,BASELINE,NEW_DATA,4.2068,73.9093,44.5493
1221,BASELINE,NEW_DATA,4.2023,73.9093,44.5493
1222,BASELINE,NEW_DATA,4.2023,73.9093,44.5493
1223,BASELINE,NEW_DATA,4.2007,73.9093,44.5493
1224,BASELINE,NEW_DATA,4.2011,73.9093,45.3794
1225,BASELINE,NEW_DATA,4.2000,73.9093,45.3794
1226,BASELINE,NEW_DATA,4.2000,73.9093,45.3794
1227,BASELINE,NEW_DATA,4.1962,73.9093,45.3794
1228,BASELINE,NEW_DATA,4.1992,73.9093,45.3794
1229,BASELINE,NEW_DATA,4.1962,73.9093,45.3794
1230,BASELINE,NEW_DATA,4.1954,73.9093,45.3794
1231,BASELINE,NEW_DATA,4.1954,73.9093,45.3794
1232,BASELINE,NEW_DATA,4.1946,73.9093,45.3794
1233,BASELINE,NEW_DATA,4.1969,73.9093,45.3794
1234,BASELINE,NEW_DATA,4.1946,73.6950,45.6305
1235,BASELINE,NEW_DATA,4.1931,73.6950,45.6305
1236,BASELINE,NEW_DATA,4.1946,73.6950,45.6305
1237,BASELINE,NEW_DATA,4.1939,73.6950,45.6305
1238,BASELINE,NEW_DATA,4.1916,73.6950,45.6305
1239,BASELINE,NEW_DATA,4.1954,73.7878,45.6305
1240,BASELINE,NEW_DATA,4.1931,73.7878,45.6305
1241,BASELINE,NEW_DATA,4.1904,73.7878,45.6305
1242,BASELINE,NEW_DATA,4.1916,73.7878,45.6305
1243,BASELINE,NEW_DATA,4.1931,73.7878,45.6305
1244,BASELINE,NEW_DATA,4.1931,73.5194,45.3282
1245,BASELINE,NEW_DATA,4.1924,73.5194,45.3282
1246,BASELINE,NEW_DATA,4.1916,73.5194,45.3282
1247,BASELINE,NEW_DATA,4.1893,73.5194,45.3282
1248,BASELINE,NEW_DATA,4.1870,73.5194,45.3282
1249,BASELINE,NEW_DATA,4.1870,73.6325,45.4008
1250,BASELINE,NEW_DATA,4.1885,73.6325,45.4008
1251,BASELINE,NEW_DATA,4.1878,73.6325,45.4008
1252,BASELINE,NEW_DATA,4.1870,73.6325,45.4008
1253,BASELINE,NEW_DATA,4.1859,73.6325,45.4008
1254,BASELINE,NEW_DATA,4.1847,73.4194,45.1387
1255,BASELINE,NEW_DATA,4.1840,73.4194,45.1387
1256,BASELINE,NEW_DATA,4.1801,73.4194,45.1387
1257,BASELINE,NEW_DATA,4.1824,73.4194,45.1387
1258,BASELINE,NEW_DATA,4.1813,73.4194,45.1387
1259,BASELINE,NEW_DATA,4.1828,73.2576,45.4226
1260,BASELINE,NEW_DATA,4.1840,73.2576,45.4226
1261,BASELINE,NEW_DATA,4.1817,73.2576,45.4226
1262,BASELINE,NEW_DATA,4.1855,73.2576,45.4226
1263,BASELINE,NEW_DATA,4.1809,73.2576,45.4226
1264,BASELINE,NEW_DATA,4.1832,73.2218,45.4226
1265,BASELINE,NEW_DATA,4.1824,73.2218,45.4226
1266,BASELINE,NEW_DATA,4.1832,73.2218,45.4226
1267,BASELINE,NEW_DATA,4.1824,73.2218,45.4226
1268,BASELINE,NEW_DATA,4.1840,73.2218,45.4226
1269,BASELINE,NEW_DATA,4.1809,73.0470,45.1387
1270,BASELINE,NEW_DATA,4.1805,73.0470,45.1387
1271,BASELINE,NEW_DATA,4.1813,73.0470,45.1387
1272,BASELINE,NEW_DATA,4.1809,73.0470,45.1387
1273,BASELINE,NEW_DATA,4.1801,73.0470,45.1387
1274,BASELINE,NEW_DATA,4.1786,73.0943,44.0026
1275,BASELINE,NEW_DATA,4.1763,73.0943,44.0026
1276,BASELINE,NEW_DATA,4.1771,73.0943,44.0026
1277,BASELINE,NEW_DATA,4.1801,73.0943,44.0026
1278,BASELINE,NEW_DATA,4.1763,73.0943,44.0026
1279,BASELINE,NEW_DATA,4.1740,72.9360,43.6913
1280,BASELINE,NEW_DATA,4.1756,72.9360,43.6913
1281,BASELINE,NEW_DATA,4.1725,72.9360,43.6913
1282,BASELINE,NEW_DATA,4.1664,72.9360,43.6913
1283,BASELINE,NEW_DATA,4.1748,72.9360,43.6913
1284,BASELINE,NEW_DATA,4.1740,73.0308,43.9037
1285,BASELINE,NEW_DATA,4.1733,73.0308,43.9037
1286,LIVE,NEW_DATA,4.1718,73.0308,43.9037
1287,LIVE,NEW_DATA,4.1702,73.0308,43.9037
1288,LIVE,NEW_DATA,4.1695,73.0308,43.9037
1289,LIVE,NEW_DATA,4.1672,73.0435,43.7893
1290,LIVE,NEW_DATA,4.1687,73.0435,43.7893
1291,LIVE,NEW_DATA,4.1695,73.0435,43.7893
1292,LIVE,NEW_DATA,4.1672,73.0435,43.7893
1293,LIVE,NEW_DATA,4.1687,73.0435,43.7893
1294,LIVE,NEW_DATA,4.1691,73.0594,42.9368
1295,LIVE,NEW_DATA,4.1691,73.0594,42.9368
1296,LIVE,NEW_DATA,4.1702,73.0594,42.9368
1297,LIVE,NEW_DATA,4.1691,73.0594,42.9368
1298,LIVE,NEW_DATA,4.1756,73.0594,42.9368
1299,LIVE,NEW_DATA,4.1702,72.9927,41.7072
1300,LIVE,NEW_DATA,4.1687,72.9927,41.7072
1301,LIVE,NEW_DATA,4.1679,72.9927,41.7072
1302,LIVE,NEW_DATA,4.1695,72.9927,41.7072
1303,LIVE,NEW_DATA,4.1691,72.9927,41.7072
1304,LIVE,NEW_DATA,4.1679,72.8991,41.7561
1305,LIVE,NEW_DATA,4.1679,72.8991,41.7561
1306,LIVE,NEW_DATA,4.1656,72.8991,41.7561
1307,LIVE,NEW_DATA,4.1656,72.8991,41.7561
1308,LIVE,NEW_DATA,4.1664,72.8991,41.7561
1309,LIVE,NEW_DATA,4.1676,72.8661,41.3232
1310,LIVE,NEW_DATA,4.1649,72.8661,41.3232
1311,LIVE,NEW_DATA,4.1656,72.8661,41.3232
1312,LIVE,NEW_DATA,4.1611,72.8661,41.3232
1313,LIVE,NEW_DATA,4.1626,72.8661,41.3232
1314,LIVE,NEW_DATA,4.1622,72.7021,41.0661
1315,LIVE,NEW_DATA,4.1615,72.7021,41.0661
1316,LIVE,NEW_DATA,4.1595,72.7021,41.0661
1317,LIVE,NEW_DATA,4.1580,72.7021,41.0661
1318,LIVE,NEW_DATA,4.1595,72.7021,41.0661
1319,LIVE,NEW_DATA,4.1588,72.7150,41.5202
1320,LIVE,NEW_DATA,4.1573,72.7150,41.5202
1321,LIVE,NEW_DATA,4.1565,72.7150,41.5202
1322,LIVE,NEW_DATA,4.1595,72.7150,41.5202
1323,LIVE,NEW_DATA,4.1580,72.7150,41.5202
1324,LIVE,NEW_DATA,4.1573,72.6392,41.5202
1325,LIVE,NEW_DATA,4.1557,72.6392,41.5202
1326,LIVE,NEW_DATA,4.1573,72.6392,41.5202
1327,LIVE,NEW_DATA,4.1599,72.6392,41.5202
1328,LIVE,NEW_DATA,4.1588,72.6392,41.5202
1329,LIVE,NEW_DATA,4.1595,72.6906,41.4039
1330,LIVE,NEW_DATA,4.1592,72.6906,41.4039
1331,LIVE,NEW_DATA,4.1580,72.6906,41.4039
1332,LIVE,NEW_DATA,4.1580,72.6906,41.4039
1333,LIVE,NEW_DATA,4.1576,72.6906,41.4039
1334,LIVE,NEW_DATA,4.1573,72.5013,41.2662
1335,LIVE,NEW_DATA,4.1576,72.5013,41.2662
1336,LIVE,NEW_DATA,4.1573,72.5013,41.2662
1337,LIVE,NEW_DATA,4.1565,72.5013,41.2662
1338,LIVE,NEW_DATA,4.1557,72.5013,41.2662
1339,LIVE,NEW_DATA,4.1557,72.1774,41.9396
1340,LIVE,NEW_DATA,4.1592,72.1774,41.9396
1341,LIVE,NEW_DATA,4.1512,72.1774,41.9396
1342,LIVE,NEW_DATA,4.1508,72.1774,41.9396
1343,LIVE,NEW_DATA,4.1504,72.1774,41.9396
1344,LIVE,NEW_DATA,4.1515,72.1774,42.0877
1345,LIVE,NEW_DATA,4.1504,72.1774,42.0877
1346,LIVE,NEW_DATA,4.1496,72.1774,42.0877
1347,LIVE,NEW_DATA,4.1485,72.1774,42.0877
1348,LIVE,NEW_DATA,4.1489,72.1774,42.0877
1349,LIVE,NEW_DATA,4.1508,71.9548,41.9949
1350,LIVE,NEW_DATA,4.1481,71.9548,41.9949
1351,LIVE,NEW_DATA,4.1466,71.9548,41.9949
1352,LIVE,NEW_DATA,4.1454,71.9548,41.9949
1353,LIVE,NEW_DATA,4.1462,71.9548,41.9949
1354,LIVE,NEW_DATA,4.1477,72.1402,42.9035
1355,LIVE,NEW_DATA,4.1473,72.1402,42.9035
1356,LIVE,NEW_DATA,4.1473,72.1402,42.9035
1357,LIVE,NEW_DATA,4.1458,72.1402,42.9035
1358,LIVE,NEW_DATA,4.1481,72.1402,42.9035
1359,LIVE,NEW_DATA,4.1485,72.1402,42.8724
1360,LIVE,NEW_DATA,4.1477,72.1402,42.8724
1361,LIVE,NEW_DATA,4.1473,72.1402,42.8724
1362,LIVE,NEW_DATA,4.1481,72.1402,42.8724
1363,LIVE,NEW_DATA,4.1466,72.1402,42.8724
1364,LIVE,NEW_DATA,4.1462,72.3140,42.8327
1365,LIVE,NEW_DATA,4.1443,72.3140,42.8327
1366,LIVE,NEW_DATA,4.1447,72.3140,42.8327
1367,LIVE,NEW_DATA,4.1458,72.3140,42.8327
1368,LIVE,NEW_DATA,4.1435,72.3140,43.1042
1369,LIVE,NEW_DATA,4.1397,72.3140,43.1042
1370,LIVE,NEW_DATA,4.1397,72.3140,43.1042
1371,LIVE,NEW_DATA,4.1397,72.3140,43.1042
1372,LIVE,NEW_DATA,4.1405,72.3140,43.1042
1373,LIVE,NEW_DATA,4.1401,72.3390,43.1319
1374,LIVE,NEW_DATA,4.1382,72.3390,43.1319
1375,LIVE,NEW_DATA,4.1405,72.3390,43.1319
1376,LIVE,NEW_DATA,4.1401,72.3390,43.1319
1377,LIVE,NEW_DATA,4.1386,72.3390,43.1319
1378,LIVE,NEW_DATA,4.1389,72.3982,43.1319
1379,LIVE,NEW_DATA,4.1374,72.3982,43.1319
1380,LIVE,NEW_DATA,4.1374,72.3982,43.1319
1381,LIVE,NEW_DATA,4.1367,72.3982,43.1319
1382,LIVE,NEW_DATA,4.1359,72.3982,43.1319
1383,LIVE,NEW_DATA,4.1367,72.3265,43.1756
1384,LIVE,NEW_DATA,4.1374,72.3265,43.1756
1385,LIVE,NEW_DATA,4.1374,72.3265,43.1756
1386,LIVE,NEW_DATA,4.1382,72.3265,43.1756
1387,LIVE,NEW_DATA,4.1367,72.3265,43.1756
1388,LIVE,NEW_DATA,4.1359,72.4513,43.0697
1389,LIVE,NEW_DATA,4.1359,72.4513,43.0697
1390,LIVE,NEW_DATA,4.1382,72.4513,43.0697
1391,LIVE,NEW_DATA,4.1351,72.4513,43.0697
1392,LIVE,NEW_DATA,4.1367,72.4513,43.0697
1393,LIVE,NEW_DATA,4.1351,72.6172,42.7493
1394,LIVE,NEW_DATA,4.1351,72.6172,42.7493
1395,LIVE,NEW_DATA,4.1359,72.6172,42.7493
1396,LIVE,NEW_DATA,4.1340,72.6172,42.7493
1397,LIVE,NEW_DATA,4.1336,72.6172,42.7493
1398,LIVE,NEW_DATA,4.1355,72.5389,42.7493
1399,LIVE,NEW_DATA,4.1336,72.5389,42.7493
1400,LIVE,NEW_DATA,4.1340,72.5389,42.7493
1401,LIVE,NEW_DATA,4.1325,72.5389,42.7493
1402,LIVE,NEW_DATA,4.1298,72.5389,42.7493
1403,LIVE,NEW_DATA,4.1290,72.8622,42.8536
1404,LIVE,NEW_DATA,4.1290,72.8622,42.8536
1405,LIVE,NEW_DATA,4.1298,72.8622,42.8536
1406,LIVE,NEW_DATA,4.1290,72.8622,42.8536
1407,LIVE,NEW_DATA,4.1309,72.8622,42.8536
1408,LIVE,NEW_DATA,4.1328,73.0100,42.5525
1409,LIVE,NEW_DATA,4.1344,73.0100,42.5525
1410,LIVE,NEW_DATA,4.1355,73.0100,42.5525
1411,LIVE,NEW_DATA,4.1412,73.0100,42.5525
1412,LIVE,NEW_DATA,4.1466,73.0100,42.5525
1413,LIVE,NEW_DATA,4.1496,74.2268,63.5510
1414,LIVE,NEW_DATA,4.1504,74.2268,63.5510
1415,LIVE,NEW_DATA,4.1466,74.2268,63.5510
1416,LIVE,NEW_DATA,4.1443,74.2268,63.5510
1417,LIVE,NEW_DATA,4.1412,74.2268,63.5510
1418,LIVE,NEW_DATA,4.1374,72.8661,42.8555
1419,LIVE,NEW_DATA,4.1370,72.8661,42.8555
1420,LIVE,NEW_DATA,4.1359,72.8661,42.8555
1421,LIVE,NEW_DATA,4.1321,72.8661,42.8555
1422,LIVE,NEW_DATA,4.1306,72.8661,42.8555
1423,LIVE,NEW_DATA,4.1313,73.0435,43.1588
1424,LIVE,NEW_DATA,4.1306,73.0435,43.1588
1425,LIVE,NEW_DATA,4.1294,73.0435,43.1588
1426,LIVE,NEW_DATA,4.1290,73.0435,43.1588
1427,LIVE,NEW_DATA,4.1283,73.0435,43.1588
1428,LIVE,NEW_DATA,4.1275,73.2729,42.8661
1429,LIVE,NEW_DATA,4.1271,73.2729,42.8661
1430,LIVE,NEW_DATA,4.1245,73.2729,42.8661
1431,LIVE,NEW_DATA,4.1252,73.2729,42.8661
1432,LIVE,NEW_DATA,4.1229,73.2729,42.8661
1433,LIVE,NEW_DATA,4.1237,73.2729,42.5671
1434,LIVE,NEW_DATA,4.1248,73.2729,42.5671
1435,LIVE,NEW_DATA,4.1237,73.2729,42.5671
1436,LIVE,NEW_DATA,4.1245,73.2729,42.5671
1437,LIVE,NEW_DATA,4.1245,73.2729,42.5671
1438,LIVE,NEW_DATA,4.1233,73.1835,43.6095
1439,LIVE,NEW_DATA,4.1222,73.1835,43.6095
1440,LIVE,NEW_DATA,4.1218,73.1835,43.6095
1441,LIVE,NEW_DATA,4.1214,73.1835,43.6095
1442,LIVE,NEW_DATA,4.1214,73.1835,43.6095
1443,LIVE,NEW_DATA,4.1229,73.0005,43.5100
1444,LIVE,NEW_DATA,4.1229,73.0005,43.5100
1445,LIVE,NEW_DATA,4.1222,73.0005,43.5100
1446,LIVE,NEW_DATA,4.1214,73.0005,43.5100
1447,LIVE,NEW_DATA,4.1214,73.0005,43.5100
1448,LIVE,NEW_DATA,4.1203,72.6895,54.7855
1449,LIVE,NEW_DATA,4.1187,72.6895,54.7855
1450,LIVE,NEW_DATA,4.1248,72.6895,54.7855
1451,LIVE,NEW_DATA,4.1183,72.6895,54.7855
1452,LIVE,NEW_DATA,4.1153,72.6895,54.7855
1453,LIVE,NEW_DATA,4.1168,72.6108,54.7855
1454,LIVE,NEW_DATA,4.1168,72.6108,54.7855
1455,LIVE,NEW_DATA,4.1161,72.6108,54.7855
1456,LIVE,NEW_DATA,4.1153,72.6108,54.7855
1457,LIVE,NEW_DATA,4.1176,72.6108,54.7855
1458,LIVE,NEW_DATA,4.1153,72.4046,77.6442
1459,LIVE,NEW_DATA,4.1206,72.4046,77.6442
1460,LIVE,NEW_DATA,4.1153,72.4046,77.6442
1461,LIVE,NEW_DATA,4.1172,72.4046,77.6442
1462,LIVE,NEW_DATA,4.1176,72.4046,77.6442
1463,LIVE,NEW_DATA,4.1168,72.4013,46.7877
1464,LIVE,NEW_DATA,4.1172,72.4013,46.7877
1465,LIVE,NEW_DATA,4.1161,72.4013,46.7877
1466,LIVE,NEW_DATA,4.1195,72.4013,46.7877
1467,LIVE,NEW_DATA,4.1191,72.4013,46.7877
1468,LIVE,NEW_DATA,4.1168,72.2635,46.5718
1469,LIVE,NEW_DATA,4.1168,72.2635,46.5718
1470,LIVE,NEW_DATA,4.1168,72.2635,46.5718
1471,LIVE,NEW_DATA,4.1176,72.2635,46.5718
1472,LIVE,NEW_DATA,4.1153,72.2635,46.5718
1473,LIVE,NEW_DATA,4.1153,72.1774,46.6637
1474,LIVE,NEW_DATA,4.1157,72.1774,46.6637
1475,LIVE,NEW_DATA,4.1153,72.1774,46.6637
1476,LIVE,NEW_DATA,4.1153,72.1774,46.6637
1477,LIVE,NEW_DATA,4.1130,72.1774,46.6637
1478,LIVE,NEW_DATA,4.1157,71.9577,46.6637
1479,LIVE,NEW_DATA,4.1100,71.9577,46.6637
1480,LIVE,NEW_DATA,4.1100,71.9577,46.6637
1481,LIVE,NEW_DATA,4.1096,71.9577,46.6637
1482,LIVE,NEW_DATA,4.1107,71.9577,46.6637
1483,LIVE,NEW_DATA,4.1092,71.7552,46.5104
1484,LIVE,NEW_DATA,4.1092,71.7552,46.5104
1485,LIVE,NEW_DATA,4.1069,71.7552,46.5104
1486,LIVE,NEW_DATA,4.1084,71.7552,46.5104
1487,LIVE,NEW_DATA,4.1077,71.7552,46.5104
1488,LIVE,NEW_DATA,4.1065,71.8071,46.3681
1489,LIVE,NEW_DATA,4.1092,71.8071,46.3681
1490,LIVE,NEW_DATA,4.1084,71.8071,46.3681
1491,LIVE,NEW_DATA,4.1092,71.8071,46.3681
1492,LIVE,NEW_DATA,4.1084,71.8071,46.3681
1493,LIVE,NEW_DATA,4.1092,71.6921,46.6981
1494,LIVE,NEW_DATA,4.1077,71.6921,46.6981
1495,LIVE,NEW_DATA,4.1100,71.6921,46.6981
1496,LIVE,NEW_DATA,4.1100,71.6921,46.6981
1497,LIVE,NEW_DATA,4.1092,71.6921,46.6981
1498,LIVE,NEW_DATA,4.1092,71.7804,46.5718
1499,LIVE,NEW_DATA,4.1084,71.7804,46.5718
1500,LIVE,NEW_DATA,4.1084,71.7804,46.5718
1501,LIVE,NEW_DATA,4.1054,71.7804,46.5718
1502,LIVE,NEW_DATA,4.1054,71.7804,46.5718
1503,LIVE,NEW_DATA,4.1061,71.7804,46.5718
1504,LIVE,NEW_DATA,4.1039,71.7804,46.5718
1505,LIVE,NEW_DATA,4.1046,71.7804,46.5718
1506,LIVE,NEW_DATA,4.1039,71.7804,46.5718
1507,LIVE,NEW_DATA,4.1039,71.7804,46.5718
1508,LIVE,NEW_DATA,4.1016,71.8563,47.1850
1509,LIVE,NEW_DATA,4.1016,71.8563,47.1850
1510,LIVE,NEW_DATA,4.1008,71.8563,47.1850
1511,LIVE,NEW_DATA,4.0993,71.8563,47.1850
1512,LIVE,NEW_DATA,4.1004,71.8563,47.1850
1513,LIVE,NEW_DATA,4.1004,71.8563,47.1850
1514,LIVE,NEW_DATA,4.1004,71.8563,47.1850
1515,LIVE,NEW_DATA,4.1008,71.8563,47.1850
1516,LIVE,NEW_DATA,4.1004,71.8563,47.1850
1517,LIVE,NEW_DATA,4.1016,71.6418,47.4229
1518,LIVE,NEW_DATA,4.1054,71.6418,47.4229
1519,LIVE,NEW_DATA,4.1008,71.6418,47.4229
1520,LIVE,NEW_DATA,4.1016,71.6418,47.4229
1521,LIVE,NEW_DATA,4.1023,71.6418,47.4229
1522,LIVE,NEW_DATA,4.1023,71.9196,49.2116
1523,LIVE,NEW_DATA,4.1019,71.9196,49.2116
1524,LIVE,NEW_DATA,4.0993,71.9196,49.2116
1525,LIVE,NEW_DATA,4.0985,71.9196,49.2116
1526,LIVE,NEW_DATA,4.1004,71.9196,49.2116
1527,LIVE,NEW_DATA,4.0962,71.9196,49.2116
1528,LIVE,NEW_DATA,4.1000,71.9196,49.2116
1529,LIVE,NEW_DATA,4.0955,71.9196,49.2116
1530,LIVE,NEW_DATA,4.0955,71.9196,49.2116
1531,LIVE,NEW_DATA,4.0939,71.9196,49.2116
1532,LIVE,NEW_DATA,4.0894,72.0848,49.5588
1533,LIVE,NEW_DATA,4.0886,72.0848,49.5588
1534,LIVE,NEW_DATA,4.0916,72.0848,49.5588
1535,LIVE,NEW_DATA,4.0939,72.0848,49.5588
1536,LIVE,NEW_DATA,4.0928,72.0848,49.5588
1537,LIVE,NEW_DATA,4.0913,72.0848,49.9021
1538,LIVE,NEW_DATA,4.0909,72.0848,49.9021
1539,LIVE,NEW_DATA,4.0939,72.0848,49.9021
1540,LIVE,NEW_DATA,4.0943,72.0848,49.9021
1541,LIVE,NEW_DATA,4.0939,72.0848,49.9021
1542,LIVE,NEW_DATA,4.0939,72.0466,50.0607
1543,LIVE,NEW_DATA,4.0939,72.0466,50.0607
1544,LIVE,NEW_DATA,4.0928,72.0466,50.0607
1545,LIVE,NEW_DATA,4.0932,72.0466,50.0607
1546,LIVE,NEW_DATA,4.0932,72.0466,50.0607
1547,LIVE,NEW_DATA,4.0932,72.0466,49.7129
1548,LIVE,NEW_DATA,4.0916,72.0466,49.7129
1549,LIVE,NEW_DATA,4.0909,72.0466,49.7129
1550,LIVE,NEW_DATA,4.0924,72.0466,49.7129
1551,LIVE,NEW_DATA,4.0894,72.0466,49.7129
1552,LIVE,NEW_DATA,4.0913,71.9704,49.4866
1553,LIVE,NEW_DATA,4.0871,71.9704,49.4866
1554,LIVE,NEW_DATA,4.0894,71.9704,49.4866
1555,LIVE,NEW_DATA,4.0867,71.9704,49.4866
1556,LIVE,NEW_DATA,4.0874,71.9704,49.4866
1557,LIVE,NEW_DATA,4.0863,72.0085,49.4686
1558,LIVE,NEW_DATA,4.0863,72.0085,49.4686
1559,LIVE,NEW_DATA,4.0871,72.0085,49.4686
1560,LIVE,NEW_DATA,4.0871,72.0085,49.4686
1561,LIVE,NEW_DATA,4.0878,72.0085,49.4686
1562,LIVE,NEW_DATA,4.0863,72.0085,49.6473
1563,LIVE,NEW_DATA,4.0871,72.0085,49.6473
1564,LIVE,NEW_DATA,4.0855,72.0085,49.6473
1565,LIVE,NEW_DATA,4.0848,72.0085,49.6473
1566,LIVE,NEW_DATA,4.0836,72.0085,49.6473
1567,LIVE,NEW_DATA,4.0852,71.8816,49.8104
1568,LIVE,NEW_DATA,4.0855,71.8816,49.8104
1569,LIVE,NEW_DATA,4.0848,71.8816,49.8104
1570,LIVE,NEW_DATA,4.0867,71.8816,49.8104
1571,LIVE,NEW_DATA,4.0867,71.8816,49.8104
1572,LIVE,NEW_DATA,4.0836,71.8816,50.1122
1573,LIVE,NEW_DATA,4.0840,71.8816,50.1122
1574,LIVE,NEW_DATA,4.0833,71.8816,50.1122
1575,LIVE,NEW_DATA,4.0840,71.8816,50.1122
1576,LIVE,NEW_DATA,4.0810,71.8816,50.1122
1577,LIVE,NEW_DATA,4.0825,71.7804,50.0428
1578,LIVE,NEW_DATA,4.0821,71.7804,50.0428
1579,LIVE,NEW_DATA,4.0878,71.7804,50.0428
1580,LIVE,NEW_DATA,4.0806,71.7804,50.0428
1581,LIVE,NEW_DATA,4.0794,71.7804,50.0428
1582,LIVE,NEW_DATA,4.0802,71.7804,50.4006
1583,LIVE,NEW_DATA,4.0802,71.7804,50.4006
1584,LIVE,NEW_DATA,4.0806,71.7804,50.4006
1585,LIVE,NEW_DATA,4.0787,71.7804,50.4006
1586,LIVE,NEW_DATA,4.0806,71.7804,50.4006
1587,LIVE,NEW_DATA,4.0810,71.6796,50.0579
1588,LIVE,NEW_DATA,4.0810,71.6796,50.0579
1589,LIVE,NEW_DATA,4.0802,71.6796,50.0579
1590,LIVE,NEW_DATA,4.0802,71.6796,50.0579
1591,LIVE,NEW_DATA,4.0798,71.6796,50.0579
1592,LIVE,NEW_DATA,4.0787,71.5789,49.9893
1593,LIVE,NEW_DATA,4.0794,71.5789,49.9893
1594,LIVE,NEW_DATA,4.0771,71.5789,49.9893
1595,LIVE,NEW_DATA,4.0775,71.5789,49.9893
1596,LIVE,NEW_DATA,4.0779,71.5789,49.9893
1597,LIVE,NEW_DATA,4.0771,71.5789,50.3178
1598,LIVE,NEW_DATA,4.0760,71.5789,50.3178
1599,LIVE,NEW_DATA,4.0771,71.5789,50.3178
1600,LIVE,NEW_DATA,4.0764,71.5789,50.3178
1601,LIVE,NEW_DATA,4.0726,71.5789,50.3178
1602,LIVE,NEW_DATA,4.0718,71.5789,50.0464
1603,LIVE,NEW_DATA,4.0714,71.5789,50.0464
1604,LIVE,NEW_DATA,4.0710,71.5789,50.0464
1605,LIVE,NEW_DATA,4.0760,71.5789,50.0464
1606,LIVE,NEW_DATA,4.0710,71.5789,50.0464
1607,LIVE,NEW_DATA,4.0710,71.5789,50.4078
1608,LIVE,NEW_DATA,4.0703,71.5789,50.4078
1609,LIVE,NEW_DATA,4.0703,71.5789,50.4078
1610,LIVE,NEW_DATA,4.0680,71.5789,50.4078
1611,LIVE,NEW_DATA,4.0699,71.5789,50.4078
1612,LIVE,NEW_DATA,4.0710,71.5538,50.6659
1613,LIVE,NEW_DATA,4.0703,71.5538,50.6659
1614,LIVE,NEW_DATA,4.0695,71.5538,50.6659
1615,LIVE,NEW_DATA,4.0688,71.5538,50.6659
1616,LIVE,NEW_DATA,4.0703,71.5538,50.6659
1617,LIVE,NEW_DATA,4.0695,71.4672,50.6659
1618,LIVE,NEW_DATA,4.0665,71.4672,50.6659
1619,LIVE,NEW_DATA,4.0665,71.4672,50.6659
1620,LIVE,NEW_DATA,4.0703,71.4672,50.6659
1621,LIVE,NEW_DATA,4.0699,71.4672,50.6659
1622,LIVE,NEW_DATA,4.0699,71.4536,50.4078
1623,LIVE,NEW_DATA,4.0699,71.4536,50.4078
1624,LIVE,NEW_DATA,4.0710,71.4536,50.4078
1625,LIVE,NEW_DATA,4.0695,71.4536,50.4078
1626,LIVE,NEW_DATA,4.0657,71.4536,50.4078
1627,LIVE,NEW_DATA,4.0657,71.4661,50.1747
1628,LIVE,NEW_DATA,4.0642,71.4661,50.1747
1629,LIVE,NEW_DATA,4.0653,71.4661,50.1747
1630,LIVE,NEW_DATA,4.0680,71.4661,50.1747
1631,LIVE,NEW_DATA,4.0665,71.4661,50.1747
1632,LIVE,NEW_DATA,4.0668,71.4661,50.5370
1633,LIVE,NEW_DATA,4.0672,71.4661,50.5370
1634,LIVE,NEW_DATA,4.0661,71.4661,50.5370
1635,LIVE,NEW_DATA,4.0619,71.4661,50.5370
1636,LIVE,NEW_DATA,4.0604,71.4661,50.5370
1637,LIVE,NEW_DATA,4.0619,71.4786,49.9021
1638,LIVE,NEW_DATA,4.0619,71.4786,49.9021
1639,LIVE,NEW_DATA,4.0619,71.4786,49.9021
1640,LIVE,NEW_DATA,4.0604,71.4786,49.9021
1641,LIVE,NEW_DATA,4.0558,71.4786,49.9021
1642,LIVE,NEW_DATA,4.0573,71.4786,49.9021
1643,LIVE,NEW_DATA,4.0619,71.4786,49.9021
1644,LIVE,NEW_DATA,4.0619,71.4786,49.9021
1645,LIVE,NEW_DATA,4.0604,71.4786,49.9021
1646,LIVE,NEW_DATA,4.0623,71.4786,49.9021
1647,LIVE,NEW_DATA,4.0623,71.4786,49.4352
1648,LIVE,NEW_DATA,4.0573,71.4786,49.4352
1649,LIVE,NEW_DATA,4.0604,71.4786,49.4352
1650,LIVE,NEW_DATA,4.0634,71.4786,49.4352
1651,LIVE,NEW_DATA,4.0619,71.5835,49.6162
1652,LIVE,NEW_DATA,4.0611,71.5835,49.6162
1653,LIVE,NEW_DATA,4.0627,71.5835,49.6162
1654,LIVE,NEW_DATA,4.0619,71.5835,49.6162
1655,LIVE,NEW_DATA,4.0588,71.5835,49.6162
1656,LIVE,NEW_DATA,4.0596,71.4161,49.8730
1657,LIVE,NEW_DATA,4.0581,71.4161,49.8730
1658,LIVE,NEW_DATA,4.0596,71.4161,49.8730
1659,LIVE,NEW_DATA,4.0607,71.4161,49.8730
1660,LIVE,NEW_DATA,4.0573,71.4161,49.8730
1661,LIVE,NEW_DATA,4.0558,71.1669,48.3795
1662,LIVE,NEW_DATA,4.0565,71.1669,48.3795
1663,LIVE,NEW_DATA,4.0550,71.1669,48.3795
1664,LIVE,NEW_DATA,4.0535,71.1669,48.3795
1665,LIVE,NEW_DATA,4.0550,71.1669,48.3795
1666,LIVE,NEW_DATA,4.0569,71.1669,48.3795
1667,LIVE,NEW_DATA,4.0512,71.1669,48.3795
1668,LIVE,NEW_DATA,4.0527,71.1669,48.3795
1669,LIVE,NEW_DATA,4.0501,71.1669,48.3795
1670,LIVE,NEW_DATA,4.0512,71.1669,48.3795
1671,LIVE,NEW_DATA,4.0516,71.0183,48.8083
1672,LIVE,NEW_DATA,4.0512,71.0183,48.8083
1673,LIVE,NEW_DATA,4.0527,71.0183,48.8083
1674,LIVE,NEW_DATA,4.0527,71.0183,48.8083
1675,LIVE,NEW_DATA,4.0543,71.0183,48.8083
1676,LIVE,NEW_DATA,4.0535,70.8281,48.8083
1677,LIVE,NEW_DATA,4.0543,70.8281,48.8083
1678,LIVE,NEW_DATA,4.0543,70.8281,48.8083
1679,LIVE,NEW_DATA,4.0546,70.8281,48.8083
1680,LIVE,NEW_DATA,4.0527,70.8281,48.8083
1681,LIVE,NEW_DATA,4.0527,70.7842,48.7488
1682,LIVE,NEW_DATA,4.0543,70.7842,48.7488
1683,LIVE,NEW_DATA,4.0535,70.7842,48.7488
1684,LIVE,NEW_DATA,4.0531,70.7842,48.7488
1685,LIVE,NEW_DATA,4.0516,70.7842,48.7488
1686,LIVE,NEW_DATA,4.0527,70.5631,49.0123
1687,LIVE,NEW_DATA,4.0527,70.5631,49.0123
1688,LIVE,NEW_DATA,4.0520,70.5631,49.0123
1689,LIVE,NEW_DATA,4.0512,70.5631,49.0123
1690,LIVE,NEW_DATA,4.0516,70.5631,49.0123
1691,LIVE,NEW_DATA,4.0482,70.0265,48.9565
1692,LIVE,NEW_DATA,4.0482,70.0265,48.9565
1693,LIVE,NEW_DATA,4.0482,70.0265,48.9565
1694,LIVE,NEW_DATA,4.0466,70.0265,48.9565
1695,LIVE,NEW_DATA,4.0470,70.0265,48.9565
1696,LIVE,NEW_DATA,4.0474,70.0265,48.8620
1697,LIVE,NEW_DATA,4.0485,70.0265,48.8620
1698,LIVE,NEW_DATA,4.0474,70.0265,48.8620
1699,LIVE,NEW_DATA,4.0466,70.0265,48.8620
1700,LIVE,NEW_DATA,4.0459,70.0265,48.8620
1701,LIVE,NEW_DATA,4.0504,70.6386,48.6409
1702,LIVE,NEW_DATA,4.0466,70.6386,48.6409
1703,LIVE,NEW_DATA,4.0459,70.6386,48.6409
1704,LIVE,NEW_DATA,4.0451,70.6386,48.6409
1705,LIVE,NEW_DATA,4.0470,70.6386,48.6409
1706,LIVE,NEW_DATA,4.0459,70.0637,49.2737
1707,LIVE,NEW_DATA,4.0474,70.0637,49.2737
1708,LIVE,NEW_DATA,4.0474,70.0637,49.2737
1709,LIVE,NEW_DATA,4.0497,70.0637,49.2737
1710,LIVE,NEW_DATA,4.0482,70.0637,49.2737
1711,LIVE,NEW_DATA,4.0466,69.6602,49.5012
1712,LIVE,NEW_DATA,4.0451,69.6602,49.5012
1713,LIVE,NEW_DATA,4.0451,69.6602,49.5012
1714,LIVE,NEW_DATA,4.0466,69.6602,49.5012
1715,LIVE,NEW_DATA,4.0451,69.6602,49.5012
1716,LIVE,NEW_DATA,4.0451,69.3524,49.4389
1717,LIVE,NEW_DATA,4.0436,69.3524,49.4389
1718,LIVE,NEW_DATA,4.0432,69.3524,49.4389
1719,LIVE,NEW_DATA,4.0421,69.3524,49.4389
1720,LIVE,NEW_DATA,4.0428,69.3524,49.4389
1721,LIVE,NEW_DATA,4.0428,68.9895,49.7863
1722,LIVE,NEW_DATA,4.0424,68.9895,49.7863
1723,LIVE,NEW_DATA,4.0375,68.9895,49.7863
1724,LIVE,NEW_DATA,4.0359,68.9895,49.7863
1725,LIVE,NEW_DATA,4.0375,68.9895,49.7863
1726,LIVE,NEW_DATA,4.0375,68.7500,49.9743
1727,LIVE,NEW_DATA,4.0379,68.7500,49.9743
1728,LIVE,NEW_DATA,4.0363,68.7500,49.9743
1729,LIVE,NEW_DATA,4.0382,68.7500,49.9743
1730,LIVE,NEW_DATA,4.0382,68.7500,49.9743
1731,LIVE,NEW_DATA,4.0375,68.8259,50.2241
1732,LIVE,NEW_DATA,4.0375,68.8259,50.2241
1733,LIVE,NEW_DATA,4.0382,68.8259,50.2241
1734,LIVE,NEW_DATA,4.0390,68.8259,50.2241
1735,LIVE,NEW_DATA,4.0436,68.8259,50.2241
1736,LIVE,NEW_DATA,4.0394,69.0016,50.5339
1737,LIVE,NEW_DATA,4.0394,69.0016,50.5339
1738,LIVE,NEW_DATA,4.0382,69.0016,50.5339
1739,LIVE,NEW_DATA,4.0405,69.0016,50.5339
1740,LIVE,NEW_DATA,4.0382,69.0016,50.5339
1741,LIVE,NEW_DATA,4.0367,68.9888,50.4174
1742,LIVE,NEW_DATA,4.0359,68.9888,50.4174
1743,LIVE,NEW_DATA,4.0379,68.9888,50.4174
1744,LIVE,NEW_DATA,4.0375,68.9888,50.4174
1745,LIVE,NEW_DATA,4.0359,68.9888,50.4174
1746,LIVE,NEW_DATA,4.0367,69.0738,50.4174
1747,LIVE,NEW_DATA,4.0352,69.0738,50.4174
1748,LIVE,NEW_DATA,4.0356,69.0738,50.4174
1749,LIVE,NEW_DATA,4.0329,69.0738,50.4174
1750,LIVE,NEW_DATA,4.0321,69.0738,50.4174
1751,LIVE,NEW_DATA,4.0306,69.1877,50.7263
1752,LIVE,NEW_DATA,4.0306,69.1877,50.7263
1753,LIVE,NEW_DATA,4.0318,69.1877,50.7263
1754,LIVE,NEW_DATA,4.0298,69.1877,50.7263
1755,LIVE,NEW_DATA,4.0298,69.1877,50.7263
1756,LIVE,NEW_DATA,4.0314,69.1760,50.3955
1757,LIVE,NEW_DATA,4.0306,69.1760,50.3955
1758,LIVE,NEW_DATA,4.0314,69.1760,50.3955
1759,LIVE,NEW_DATA,4.0314,69.1760,50.3955
1760,LIVE,NEW_DATA,4.0348,69.1760,50.3955
1761,LIVE,NEW_DATA,4.0298,69.1703,50.3955
1762,LIVE,NEW_DATA,4.0302,69.1703,50.3955
1763,LIVE,NEW_DATA,4.0306,69.1703,50.3955
1764,LIVE,NEW_DATA,4.0314,69.1703,50.3955
1765,LIVE,NEW_DATA,4.0302,69.1703,50.3955
1766,LIVE,NEW_DATA,4.0306,69.2464,50.2640
1767,LIVE,NEW_DATA,4.0318,69.2464,50.2640
1768,LIVE,NEW_DATA,4.0318,69.2464,50.2640
1769,LIVE,NEW_DATA,4.0291,69.2464,50.2640
1770,LIVE,NEW_DATA,4.0283,69.2464,50.2640
1771,LIVE,NEW_DATA,4.0298,69.2066,50.2640
1772,LIVE,NEW_DATA,4.0268,69.2066,50.2640
1773,LIVE,NEW_DATA,4.0283,69.2066,50.2640
1774,LIVE,NEW_DATA,4.0276,69.2066,50.2640
1775,LIVE,NEW_DATA,4.0276,69.2066,50.2640
1776,LIVE,NEW_DATA,4.0276,69.3878,50.4684
1777,LIVE,NEW_DATA,4.0276,69.3878,50.4684
1778,LIVE,NEW_DATA,4.0283,69.3878,50.4684
1779,LIVE,NEW_DATA,4.0260,69.3878,50.4684
1780,LIVE,NEW_DATA,4.0272,69.3878,50.4684
1781,LIVE,NEW_DATA,4.0268,69.3053,50.9325
1782,LIVE,NEW_DATA,4.0260,69.3053,50.9325
1783,LIVE,NEW_DATA,4.0253,69.3053,50.9325
1784,LIVE,NEW_DATA,4.0253,69.3053,50.9325
1785,LIVE,NEW_DATA,4.0268,69.3053,50.9325
1786,LIVE,NEW_DATA,4.0268,69.1341,50.9325
1787,LIVE,NEW_DATA,4.0237,69.1341,50.9325
1788,LIVE,NEW_DATA,4.0241,69.1341,50.9325
1789,LIVE,NEW_DATA,4.0272,69.1341,50.9325
1790,LIVE,NEW_DATA,4.0257,69.1341,50.9325
1791,LIVE,NEW_DATA,4.0253,69.1408,50.7336
1792,LIVE,NEW_DATA,4.0237,69.1408,50.7336
1793,LIVE,NEW_DATA,4.0253,69.1408,50.7336
1794,LIVE,NEW_DATA,4.0245,69.1408,50.7336
1795,LIVE,NEW_DATA,4.0253,69.1408,50.7336
1796,LIVE,NEW_DATA,4.0237,69.1461,50.3903
1797,LIVE,NEW_DATA,4.0253,69.1461,50.3903
1798,LIVE,NEW_DATA,4.0268,69.1461,50.3903
1799,LIVE,NEW_DATA,4.0260,69.1461,50.3903
1800,LIVE,NEW_DATA,4.0260,69.1461,50.3903
1801,LIVE,NEW_DATA,4.0253,69.2817,50.4611
1802,LIVE,NEW_DATA,4.0215,69.2817,50.4611
1803,LIVE,NEW_DATA,4.0222,69.2817,50.4611
1804,LIVE,NEW_DATA,4.0215,69.2817,50.4611
1805,LIVE,NEW_DATA,4.0207,69.5178,49.6347
1806,LIVE,NEW_DATA,4.0207,69.5178,49.6347
1807,LIVE,NEW_DATA,4.0207,69.5178,49.6347
1808,LIVE,NEW_DATA,4.0207,69.5178,49.6347
1809,LIVE,NEW_DATA,4.0211,69.5178,49.6347
1810,LIVE,NEW_DATA,4.0211,69.5178,49.6347
1811,LIVE,NEW_DATA,4.0207,69.5178,49.6347
1812,LIVE,NEW_DATA,4.0207,69.5178,49.6347
1813,LIVE,NEW_DATA,4.0215,69.5178,49.6347
1814,LIVE,NEW_DATA,4.0199,69.5178,49.6347
1815,LIVE,NEW_DATA,4.0199,69.3878,48.8583
1816,LIVE,NEW_DATA,4.0222,69.3878,48.8583
1817,LIVE,NEW_DATA,4.0211,69.3878,48.8583
1818,LIVE,NEW_DATA,4.0222,69.3878,48.8583
1819,LIVE,NEW_DATA,4.0215,69.3878,48.8583
1820,LIVE,NEW_DATA,4.0195,69.3642,49.2064
1821,LIVE,NEW_DATA,4.0195,69.3642,49.2064
1822,LIVE,NEW_DATA,4.0192,69.3642,49.2064
1823,LIVE,NEW_DATA,4.0207,69.3642,49.2064
1824,LIVE,NEW_DATA,4.0192,69.3642,49.2064
1825,LIVE,NEW_DATA,4.0199,69.3170,48.9785
1826,LIVE,NEW_DATA,4.0192,69.3170,48.9785
1827,LIVE,NEW_DATA,4.0176,69.3170,48.9785
1828,LIVE,NEW_DATA,4.0176,69.3170,48.9785
1829,LIVE,NEW_DATA,4.0215,69.3170,48.9785
1830,LIVE,NEW_DATA,4.0237,69.4941,49.2219
1831,LIVE,NEW_DATA,4.0272,69.4941,49.2219
1832,LIVE,NEW_DATA,4.0245,69.4941,49.2219
1833,LIVE,NEW_DATA,4.0276,69.4941,49.2219
1834,LIVE,NEW_DATA,4.0260,69.4941,49.2219
1835,LIVE,NEW_DATA,4.0314,69.4941,49.2219
1836,LIVE,NEW_DATA,4.0283,69.4941,49.2219
1837,LIVE,NEW_DATA,4.0268,69.4941,49.2219
1838,LIVE,NEW_DATA,4.0283,69.4941,49.2219
1839,LIVE,NEW_DATA,4.0268,69.4941,49.2219
1840,LIVE,NEW_DATA,4.0291,69.6483,48.9785
1841,LIVE,NEW_DATA,4.0283,69.6483,48.9785
1842,LIVE,NEW_DATA,4.0291,69.6483,48.9785
1843,LIVE,NEW_DATA,4.0306,69.6483,48.9785
1844,LIVE,NEW_DATA,4.0283,69.6483,48.9785
1845,LIVE,NEW_DATA,4.0287,69.6483,48.9785
1846,LIVE,NEW_DATA,4.0268,69.6483,48.9785
1847,LIVE,NEW_DATA,4.0283,69.6483,48.9785
1848,LIVE,NEW_DATA,4.0279,69.6483,48.9785
1849,LIVE,NEW_DATA,4.0283,69.6483,48.9785
1850,LIVE,NEW_DATA,4.0298,69.8033,48.8094
1851,LIVE,NEW_DATA,4.0298,69.8033,48.8094
1852,LIVE,NEW_DATA,4.0283,69.8033,48.8094
1853,LIVE,NEW_DATA,4.0287,69.8033,48.8094
1854,LIVE,NEW_DATA,4.0260,69.8033,48.8094
1855,LIVE,NEW_DATA,4.0253,70.1513,48.8658
1856,LIVE,NEW_DATA,4.0257,70.1513,48.8658
1857,LIVE,NEW_DATA,4.0226,70.1513,48.8658
1858,LIVE,NEW_DATA,4.0253,70.1513,48.8658
1859,LIVE,NEW_DATA,4.0283,70.1513,48.8658
1860,LIVE,NEW_DATA,4.0253,70.1513,48.8658
1861,LIVE,NEW_DATA,4.0237,70.1513,48.8658
1862,LIVE,NEW_DATA,4.0253,70.1513,48.8658
1863,LIVE,NEW_DATA,4.0237,70.1513,48.8658
1864,LIVE,NEW_DATA,4.0222,70.1513,48.8658
1865,LIVE,NEW_DATA,4.0192,70.4298,48.7151
1866,LIVE,NEW_DATA,4.0176,70.4298,48.7151
1867,LIVE,NEW_DATA,4.0184,70.4298,48.7151
1868,LIVE,NEW_DATA,4.0192,70.4298,48.7151
1869,LIVE,NEW_DATA,4.0199,70.4298,48.7151
1870,LIVE,NEW_DATA,4.0222,70.6120,48.3608
1871,LIVE,NEW_DATA,4.0222,70.6120,48.3608
1872,LIVE,NEW_DATA,4.0207,70.6120,48.3608
1873,LIVE,NEW_DATA,4.0222,70.6120,48.3608
1874,LIVE,NEW_DATA,4.0207,70.6120,48.3608
1875,LIVE,NEW_DATA,4.0195,70.6249,48.5299
1876,LIVE,NEW_DATA,4.0199,70.6249,48.5299
1877,LIVE,NEW_DATA,4.0207,70.6249,48.5299
1878,LIVE,NEW_DATA,4.0176,70.6249,48.5299
1879,LIVE,NEW_DATA,4.0154,70.6249,48.5299
1880,LIVE,NEW_DATA,4.0146,70.7786,48.1919
1881,LIVE,NEW_DATA,4.0138,70.7786,48.1919
1882,LIVE,NEW_DATA,4.0138,70.7786,48.1919
1883,LIVE,NEW_DATA,4.0131,70.7786,48.1919
1884,LIVE,NEW_DATA,4.0115,70.7786,48.1919
1885,LIVE,NEW_DATA,4.0108,70.9072,48.2373
1886,LIVE,NEW_DATA,4.0092,70.9072,48.2373
1887,LIVE,NEW_DATA,4.0077,70.9072,48.2373
1888,LIVE,NEW_DATA,4.0077,70.9072,48.2373
1889,LIVE,NEW_DATA,4.0077,70.9072,48.2373
1890,LIVE,NEW_DATA,4.0119,71.1669,48.2373
1891,LIVE,NEW_DATA,4.0077,71.1669,48.2373
1892,LIVE,NEW_DATA,4.0089,71.1669,48.2373
1893,LIVE,NEW_DATA,4.0092,71.1669,48.2373
1894,LIVE,NEW_DATA,4.0092,71.1669,48.2373
1895,LIVE,NEW_DATA,4.0108,71.2589,48.0715
1896,LIVE,NEW_DATA,4.0115,71.2589,48.0715
1897,LIVE,NEW_DATA,4.0100,71.2589,48.0715
1898,LIVE,NEW_DATA,4.0123,71.2589,48.0715
1899,LIVE,NEW_DATA,4.0100,71.2589,48.0715
1900,LIVE,NEW_DATA,4.0077,71.2290,47.9621
1901,LIVE,NEW_DATA,4.0085,71.2290,47.9621
1902,LIVE,NEW_DATA,4.0070,71.2290,47.9621
1903,LIVE,NEW_DATA,4.0054,71.2290,47.9621
1904,LIVE,NEW_DATA,4.0070,71.2290,47.9621
1905,LIVE,NEW_DATA,4.0073,71.3679,47.6742
1906,LIVE,NEW_DATA,4.0070,71.3679,47.6742
1907,LIVE,NEW_DATA,4.0062,71.3679,47.6742
1908,LIVE,NEW_DATA,4.0054,71.3679,47.6742
1909,LIVE,NEW_DATA,4.0043,71.3679,47.6742
1910,LIVE,NEW_DATA,4.0054,71.4529,47.7349
1911,LIVE,NEW_DATA,4.0012,71.4529,47.7349
1912,LIVE,NEW_DATA,4.0070,71.4529,47.7349
1913,LIVE,NEW_DATA,4.0016,71.4529,47.7349
1914,LIVE,NEW_DATA,4.0024,71.4529,47.7349
1915,LIVE,NEW_DATA,4.0016,71.4529,47.2166
1916,LIVE,NEW_DATA,4.0009,71.4529,47.2166
1917,LIVE,NEW_DATA,3.9997,71.4529,47.2166
1918,LIVE,NEW_DATA,4.0009,71.4529,47.2166
1919,LIVE,NEW_DATA,3.9993,71.4529,47.2166
1920,LIVE,NEW_DATA,4.0001,71.4529,47.5219
1921,LIVE,NEW_DATA,3.9993,71.4529,47.5219
1922,LIVE,NEW_DATA,3.9978,71.4529,47.5219
1923,LIVE,NEW_DATA,3.9982,71.4529,47.5219
1924,LIVE,NEW_DATA,3.9993,71.4529,47.5219
1925,LIVE,NEW_DATA,4.0009,71.6292,47.6815
1926,LIVE,NEW_DATA,4.0009,71.6292,47.6815
1927,LIVE,NEW_DATA,4.0009,71.6292,47.6815
1928,LIVE,NEW_DATA,4.0009,71.6292,47.6815
1929,LIVE,NEW_DATA,4.0012,71.6292,47.6815
1930,LIVE,NEW_DATA,4.0024,73.0470,87.7822
1931,LIVE,NEW_DATA,3.9986,73.0470,87.7822
1932,LIVE,NEW_DATA,3.9997,73.0470,87.7822
1933,LIVE,NEW_DATA,3.9982,73.0470,87.7822
1934,LIVE,NEW_DATA,3.9993,73.0470,87.7822
1935,LIVE,NEW_DATA,3.9993,71.5915,46.8689
1936,LIVE,NEW_DATA,3.9986,71.5915,46.8689
1937,LIVE,NEW_DATA,3.9970,71.5915,46.8689
1938,LIVE,NEW_DATA,3.9970,71.5915,46.8689
1939,LIVE,NEW_DATA,3.9967,71.5915,46.8689
1940,LIVE,NEW_DATA,4.0009,72.9673,82.9069
1941,LIVE,NEW_DATA,3.9963,72.9673,82.9069
1942,LIVE,NEW_DATA,3.9967,72.9673,82.9069
1943,LIVE,NEW_DATA,3.9940,72.9673,82.9069
1944,LIVE,NEW_DATA,3.9948,72.9673,82.9069
1945,LIVE,NEW_DATA,3.9951,73.1452,105.9925
1946,LIVE,NEW_DATA,3.9963,73.1452,105.9925
1947,LIVE,NEW_DATA,3.9955,73.1452,105.9925
1948,LIVE,NEW_DATA,3.9986,73.1452,105.9925
1949,LIVE,NEW_DATA,3.9986,73.1452,105.9925
1950,LIVE,NEW_DATA,3.9963,73.1452,106.6295
1951,LIVE,NEW_DATA,4.0001,73.1452,106.6295
1952,LIVE,NEW_DATA,4.0001,73.1452,106.6295
1953,LIVE,NEW_DATA,4.0009,73.1452,106.6295
1954,LIVE,NEW_DATA,4.0009,73.1452,106.6295
1955,LIVE,NEW_DATA,4.0012,73.4967,83.8130
1956,LIVE,NEW_DATA,4.0024,73.4967,83.8130
1957,LIVE,NEW_DATA,4.0047,73.4967,83.8130
1958,LIVE,NEW_DATA,4.0062,73.4967,83.8130
1959,LIVE,NEW_DATA,4.0054,73.6338,84.3648
1960,LIVE,NEW_DATA,4.0058,73.6338,84.3648
1961,LIVE,NEW_DATA,4.0054,73.6338,84.3648
1962,LIVE,NEW_DATA,4.0062,73.6338,84.3648
1963,LIVE,NEW_DATA,4.0070,73.6338,84.3648
1964,LIVE,NEW_DATA,4.0073,73.5239,108.9057
1965,LIVE,NEW_DATA,4.0112,73.5239,108.9057
1966,LIVE,NEW_DATA,4.0077,73.5239,108.9057
1967,LIVE,NEW_DATA,4.0085,73.5239,108.9057
1968,LIVE,NEW_DATA,4.0108,73.5239,108.9057
1969,LIVE,NEW_DATA,4.0123,73.5103,108.8371
1970,LIVE,NEW_DATA,4.0119,73.5103,108.8371
1971,LIVE,NEW_DATA,4.0131,73.5103,108.8371
1972,LIVE,NEW_DATA,4.0131,73.5103,108.8371
1973,LIVE,NEW_DATA,4.0123,73.5103,108.8371
1974,LIVE,NEW_DATA,4.0146,73.5103,109.6516
1975,LIVE,NEW_DATA,4.0138,73.5103,109.6516
1976,LIVE,NEW_DATA,4.0131,73.5103,109.6516
1977,LIVE,NEW_DATA,4.0146,73.5103,109.6516
1978,LIVE,NEW_DATA,4.0150,73.5103,109.6516
1979,LIVE,NEW_DATA,4.0146,73.6333,108.8320
1980,LIVE,NEW_DATA,4.0154,73.6333,108.8320
1981,LIVE,NEW_DATA,4.0134,73.6333,108.8320
1982,LIVE,NEW_DATA,4.0138,73.6333,108.8320
1983,LIVE,NEW_DATA,4.0142,73.6333,108.8320
1984,LIVE,NEW_DATA,4.0154,73.6333,109.3611
1985,LIVE,NEW_DATA,4.0142,73.6333,109.3611
1986,LIVE,NEW_DATA,4.0146,73.6333,109.3611
1987,LIVE,NEW_DATA,4.0165,73.6333,109.3611
1988,LIVE,NEW_DATA,4.0146,73.6333,109.3611
1989,LIVE,NEW_DATA,4.0176,73.7705,109.4303
1990,LIVE,NEW_DATA,4.0146,73.7705,109.4303
1991,LIVE,NEW_DATA,4.0154,73.7705,109.4303
1992,LIVE,NEW_DATA,4.0154,73.7705,109.4303
1993,LIVE,NEW_DATA,4.0146,73.7705,109.4303
1994,LIVE,NEW_DATA,4.0154,73.8863,108.8577
1995,LIVE,NEW_DATA,4.0154,73.8863,108.8577
1996,LIVE,NEW_DATA,4.0161,73.8863,108.8577
1997,LIVE,NEW_DATA,4.0165,73.8863,108.8577
1998,LIVE,NEW_DATA,4.0161,73.8863,108.8577
1999,LIVE,NEW_DATA,4.0161,73.8806,121.9196
2000,LIVE,NEW_DATA,4.0165,73.8806,121.9196
2001,LIVE,NEW_DATA,4.0161,73.8806,121.9196
2002,LIVE,NEW_DATA,4.0176,73.8806,121.9196
2003,LIVE,NEW_DATA,4.0165,73.8806,121.9196
2004,LIVE,NEW_DATA,4.0123,74.0464,119.1161
2005,LIVE,NEW_DATA,4.0146,74.0464,119.1161
2006,LIVE,NEW_DATA,4.0176,74.0464,119.1161
2007,LIVE,NEW_DATA,4.0146,74.0464,119.1161
2008,LIVE,NEW_DATA,4.0154,74.0464,119.1161
2009,LIVE,NEW_DATA,4.0146,74.0464,108.7617
2010,LIVE,NEW_DATA,4.0150,74.0464,108.7617
2011,LIVE,NEW_DATA,4.0134,74.0464,108.7617
2012,LIVE,NEW_DATA,4.0134,74.0464,108.7617
2013,LIVE,NEW_DATA,4.0154,74.0464,108.7617
2014,LIVE,NEW_DATA,4.0150,74.2407,108.8646
2015,LIVE,NEW_DATA,4.0131,74.2407,108.8646
2016,LIVE,NEW_DATA,4.0150,74.2407,108.8646
2017,LIVE,NEW_DATA,4.0154,74.2407,108.8646
2018,LIVE,NEW_DATA,4.0165,74.2407,108.8646
2019,LIVE,NEW_DATA,4.0154,73.9398,108.8046
2020,LIVE,NEW_DATA,4.0146,73.9398,108.8046
2021,LIVE,NEW_DATA,4.0104,73.9398,108.8046
2022,LIVE,NEW_DATA,4.0176,73.9398,108.8046
2023,LIVE,NEW_DATA,4.0176,73.9398,108.8046
2024,LIVE,NEW_DATA,4.0184,74.0187,108.2628
2025,LIVE,NEW_DATA,4.0138,74.0187,108.2628
2026,LIVE,NEW_DATA,4.0157,74.0187,108.2628
2027,LIVE,NEW_DATA,4.0146,74.0187,108.2628
2028,LIVE,NEW_DATA,4.0176,74.0187,108.2628
2029,LIVE,NEW_DATA,4.0176,74.0464,107.6617
2030,LIVE,NEW_DATA,4.0138,74.0464,107.6617
2031,LIVE,NEW_DATA,4.0115,74.0464,107.6617
2032,LIVE,NEW_DATA,4.0123,74.0464,107.6617
2033,LIVE,NEW_DATA,4.0100,74.0464,107.6617
2034,LIVE,NEW_DATA,4.0115,74.0464,108.3625
2035,LIVE,NEW_DATA,4.0085,74.0464,108.3625
2036,LIVE,NEW_DATA,4.0077,74.0464,108.3625
2037,LIVE,NEW_DATA,4.0085,74.0464,108.3625
2038,LIVE,NEW_DATA,4.0077,74.0464,108.3625
2039,LIVE,NEW_DATA,4.0104,73.9910,107.5941
2040,LIVE,NEW_DATA,4.0100,73.9910,107.5941
2041,LIVE,NEW_DATA,4.0085,73.9910,107.5941
2042,LIVE,NEW_DATA,4.0092,73.9910,107.5941
2043,LIVE,NEW_DATA,4.0108,73.9910,107.5941
2044,LIVE,NEW_DATA,4.0100,73.9910,108.0123
2045,LIVE,NEW_DATA,4.0108,73.9910,108.0123
2046,LIVE,NEW_DATA,4.0104,73.9910,108.0123
2047,LIVE,NEW_DATA,4.0108,73.9910,108.0123
2048,LIVE,NEW_DATA,4.0100,73.9910,108.0123
2049,LIVE,NEW_DATA,4.0092,73.6607,108.1200
2050,LIVE,NEW_DATA,4.0131,73.6607,108.1200
2051,LIVE,NEW_DATA,4.0089,73.6607,108.1200
2052,LIVE,NEW_DATA,4.0092,73.6607,108.1200
2053,LIVE,NEW_DATA,4.0073,73.6607,108.1200
2054,LIVE,NEW_DATA,4.0070,73.7186,108.8507
2055,LIVE,NEW_DATA,4.0058,73.7186,108.8507
2056,LIVE,NEW_DATA,4.0054,73.7186,108.8507
2057,LIVE,NEW_DATA,4.0047,73.7186,108.8507
2058,LIVE,NEW_DATA,4.0047,73.7186,108.8507
2059,LIVE,NEW_DATA,4.0024,73.3605,108.8420
2060,LIVE,NEW_DATA,4.0020,73.3605,108.8420
2061,LIVE,NEW_DATA,4.0028,73.3605,108.8420
2062,LIVE,NEW_DATA,4.0031,73.3605,108.8420
2063,LIVE,NEW_DATA,4.0047,73.3605,108.8420
2064,LIVE,NEW_DATA,4.0058,73.0493,108.1372
2065,LIVE,NEW_DATA,4.0100,73.0493,108.1372
2066,LIVE,NEW_DATA,4.0100,73.0493,108.1372
2067,LIVE,NEW_DATA,4.0115,73.0493,108.1372
2068,LIVE,NEW_DATA,4.0092,73.0493,108.1372
2069,LIVE,NEW_DATA,4.0131,73.0493,108.8681
2070,LIVE,NEW_DATA,4.0127,73.0493,108.8681
2071,LIVE,NEW_DATA,4.0134,73.0493,108.8681
2072,LIVE,NEW_DATA,4.0115,73.0493,108.8681
2073,LIVE,NEW_DATA,4.0131,73.0493,108.8681
2074,LIVE,NEW_DATA,4.0123,73.0627,108.3010
2075,LIVE,NEW_DATA,4.0138,73.0627,108.3010
2076,LIVE,NEW_DATA,4.0134,73.0627,108.3010
2077,LIVE,NEW_DATA,4.0115,73.0627,108.3010
2078,LIVE,NEW_DATA,4.0131,73.0627,108.3010
2079,LIVE,NEW_DATA,4.0131,73.1847,109.0906
2080,LIVE,NEW_DATA,4.0115,73.1847,109.0906
2081,LIVE,NEW_DATA,4.0131,73.1847,109.0906
2082,LIVE,NEW_DATA,4.0100,73.1847,109.0906
2083,LIVE,NEW_DATA,4.0100,73.1847,109.0906
2084,LIVE,NEW_DATA,4.0108,73.1437,108.7062
2085,LIVE,NEW_DATA,4.0123,73.1437,108.7062
2086,LIVE,NEW_DATA,4.0054,73.1437,108.7062
2087,LIVE,NEW_DATA,4.0054,73.1437,108.7062
2088,LIVE,NEW_DATA,4.0039,73.1437,108.7062
2089,LIVE,NEW_DATA,4.0047,73.2249,108.1010
2090,LIVE,NEW_DATA,4.0054,73.2249,108.1010
2091,LIVE,NEW_DATA,4.0070,73.2249,108.1010
2092,LIVE,NEW_DATA,4.0062,73.2249,108.1010
2093,LIVE,NEW_DATA,4.0070,73.2249,108.1010
2094,LIVE,NEW_DATA,4.0054,73.2249,108.8055
2095,LIVE,NEW_DATA,4.0085,73.2249,108.8055
2096,LIVE,NEW_DATA,4.0058,73.2249,108.8055
2097,LIVE,NEW_DATA,4.0070,73.2249,108.8055
2098,LIVE,NEW_DATA,4.0085,73.2249,108.8055
2099,LIVE,NEW_DATA,4.0070,73.3605,108.0181
2100,LIVE,NEW_DATA,4.0070,73.3605,108.0181
2101,LIVE,NEW_DATA,4.0039,73.3605,108.0181
2102,LIVE,NEW_DATA,4.0043,73.3605,108.0181
2103,LIVE,NEW_DATA,4.0039,73.3605,108.0181
2104,LIVE,NEW_DATA,4.0047,73.4647,107.9878
2105,LIVE,NEW_DATA,4.0062,73.4647,107.9878
2106,LIVE,NEW_DATA,4.0047,73.4647,107.9878
2107,LIVE,NEW_DATA,4.0054,73.4647,107.9878
2108,LIVE,NEW_DATA,4.0039,73.4694,107.3893
2109,LIVE,NEW_DATA,4.0024,73.4694,107.3893
2110,LIVE,NEW_DATA,4.0024,73.4694,107.3893
2111,LIVE,NEW_DATA,4.0024,73.4694,107.3893
2112,LIVE,NEW_DATA,4.0035,73.4694,107.3893
2113,LIVE,NEW_DATA,4.0024,73.7430,107.2415
2114,LIVE,NEW_DATA,4.0016,73.7430,107.2415
2115,LIVE,NEW_DATA,4.0024,73.7430,107.2415
2116,LIVE,NEW_DATA,4.0020,73.7430,107.2415
2117,LIVE,NEW_DATA,4.0009,73.7430,107.2415
2118,LIVE,NEW_DATA,4.0024,73.7430,107.7982
2119,LIVE,NEW_DATA,4.0009,73.7430,107.7982
2120,LIVE,NEW_DATA,4.0047,73.7430,107.7982
2121,LIVE,NEW_DATA,4.0016,73.7430,107.7982
2122,LIVE,NEW_DATA,4.0047,73.7430,107.7982
2123,LIVE,NEW_DATA,4.0047,73.7842,107.1023
2124,LIVE,NEW_DATA,4.0039,73.7842,107.1023
2125,LIVE,NEW_DATA,4.0039,73.7842,107.1023
2126,LIVE,NEW_DATA,4.0024,73.7842,107.1023
2127,LIVE,NEW_DATA,4.0047,73.7842,107.1023
2128,LIVE,NEW_DATA,4.0024,73.8036,107.8474
2129,LIVE,NEW_DATA,4.0043,73.8036,107.8474
2130,LIVE,NEW_DATA,4.0016,73.8036,107.8474
2131,LIVE,NEW_DATA,4.0009,73.8036,107.8474
2132,LIVE,NEW_DATA,4.0009,73.8036,107.8474
2133,LIVE,NEW_DATA,4.0016,73.3062,109.0358
2134,LIVE,NEW_DATA,4.0016,73.3062,109.0358
2135,LIVE,NEW_DATA,4.0012,73.3062,109.0358
2136,LIVE,NEW_DATA,4.0001,73.3062,109.0358
2137,LIVE,NEW_DATA,3.9967,73.3062,109.0358
2138,LIVE,NEW_DATA,3.9982,73.2824,109.8518
2139,LIVE,NEW_DATA,4.0005,73.2824,109.8518
2140,LIVE,NEW_DATA,3.9963,73.2824,109.8518
2141,LIVE,NEW_DATA,3.9963,73.2824,109.8518
2142,LIVE,NEW_DATA,3.9978,73.2824,109.8518
2143,LIVE,NEW_DATA,3.9978,73.7949,108.6667
2144,LIVE,NEW_DATA,3.9955,73.7949,108.6667
2145,LIVE,NEW_DATA,3.9951,73.7949,108.6667
2146,LIVE,NEW_DATA,3.9955,73.7949,108.6667
2147,LIVE,NEW_DATA,3.9970,73.7949,108.6667
2148,LIVE,NEW_DATA,3.9970,73.7252,109.2553
2149,LIVE,NEW_DATA,3.9963,73.7252,109.2553
2150,LIVE,NEW_DATA,3.9955,73.7252,109.2553
2151,LIVE,NEW_DATA,3.9963,73.7252,109.2553
2152,LIVE,NEW_DATA,3.9978,73.7252,109.2553
2153,LIVE,NEW_DATA,3.9967,73.3048,109.6888
2154,LIVE,NEW_DATA,3.9986,73.3048,109.6888
2155,LIVE,NEW_DATA,3.9963,73.3048,109.6888
2156,LIVE,NEW_DATA,3.9967,73.3048,109.6888
2157,LIVE,NEW_DATA,3.9978,73.3048,109.6888
2158,LIVE,NEW_DATA,3.9970,73.3048,109.6888
2159,LIVE,NEW_DATA,3.9951,73.3048,109.6888
2160,LIVE,NEW_DATA,3.9963,73.3048,109.6888
2161,LIVE,NEW_DATA,3.9955,73.3048,109.6888
2162,LIVE,NEW_DATA,3.9932,73.3048,109.6888
2163,LIVE,NEW_DATA,3.9967,72.7126,109.8579
2164,LIVE,NEW_DATA,3.9932,72.7126,109.8579
2165,LIVE,NEW_DATA,3.9932,72.7126,109.8579
2166,LIVE,NEW_DATA,3.9940,72.7126,109.8579
2167,LIVE,NEW_DATA,3.9936,72.7126,109.8579
2168,LIVE,NEW_DATA,3.9948,72.2456,109.0730
2169,LIVE,NEW_DATA,3.9925,72.2456,109.0730
2170,LIVE,NEW_DATA,3.9917,72.2456,109.0730
2171,LIVE,NEW_DATA,3.9902,72.2456,109.0730
2172,LIVE,NEW_DATA,3.9909,72.2456,109.0730
2173,LIVE,NEW_DATA,3.9902,72.2456,109.7778
2174,LIVE,NEW_DATA,3.9909,72.2456,109.7778
2175,LIVE,NEW_DATA,3.9902,72.2456,109.7778
2176,LIVE,NEW_DATA,3.9909,72.2456,109.7778
2177,LIVE,NEW_DATA,3.9917,72.2456,109.7778
2178,LIVE,NEW_DATA,3.9886,71.9281,109.2281
2179,LIVE,NEW_DATA,3.9886,71.9281,109.2281
2180,LIVE,NEW_DATA,3.9917,71.9281,109.2281
2181,LIVE,NEW_DATA,3.9894,71.9281,109.2281
2182,LIVE,NEW_DATA,3.9898,71.9281,109.2281
2183,LIVE,NEW_DATA,3.9902,71.9281,110.0337
2184,LIVE,NEW_DATA,3.9906,71.9281,110.0337
2185,LIVE,NEW_DATA,3.9917,71.9281,110.0337
2186,LIVE,NEW_DATA,3.9917,71.9281,110.0337
2187,LIVE,NEW_DATA,3.9921,71.9281,110.0337
2188,LIVE,NEW_DATA,3.9921,71.8276,110.0035
2189,LIVE,NEW_DATA,3.9909,71.8276,110.0035
2190,LIVE,NEW_DATA,3.9909,71.8276,110.0035
2191,LIVE,NEW_DATA,3.9902,71.8276,110.0035
2192,LIVE,NEW_DATA,3.9906,71.8276,110.0035
2193,LIVE,NEW_DATA,3.9917,71.6787,110.0035
2194,LIVE,NEW_DATA,3.9925,71.6787,110.0035
2195,LIVE,NEW_DATA,3.9906,71.6787,110.0035
2196,LIVE,NEW_DATA,3.9906,71.6787,110.0035
2197,LIVE,NEW_DATA,3.9906,71.6787,110.0035
2198,LIVE,NEW_DATA,3.9925,71.6703,109.9876
2199,LIVE,NEW_DATA,3.9902,71.6703,109.9876
2200,LIVE,NEW_DATA,3.9886,71.6703,109.9876
2201,LIVE,NEW_DATA,3.9917,71.6703,109.9876
2202,LIVE,NEW_DATA,3.9894,71.6703,109.9876
2203,LIVE,NEW_DATA,3.9886,71.5564,109.1453
2204,LIVE,NEW_DATA,3.9845,71.5564,109.1453
2205,LIVE,NEW_DATA,3.9845,71.5564,109.1453
2206,LIVE,NEW_DATA,3.9841,71.5564,109.1453
2207,LIVE,NEW_DATA,3.9833,71.5564,109.1453
2208,LIVE,NEW_DATA,3.9825,71.6639,109.9307
2209,LIVE,NEW_DATA,3.9791,71.6639,109.9307
2210,LIVE,NEW_DATA,3.9810,71.6639,109.9307
2211,LIVE,NEW_DATA,3.9841,71.6639,109.9307
2212,LIVE,NEW_DATA,3.9841,71.6639,109.9307
2213,LIVE,NEW_DATA,3.9856,71.5706,109.1100
2214,LIVE,NEW_DATA,3.9864,71.5706,109.1100
2215,LIVE,NEW_DATA,3.9845,71.5706,109.1100
2216,LIVE,NEW_DATA,3.9856,71.5706,109.1100
2217,LIVE,NEW_DATA,3.9864,71.5706,109.1100
2218,LIVE,NEW_DATA,3.9871,71.7454,109.8721
2219,LIVE,NEW_DATA,3.9879,71.7454,109.8721
2220,LIVE,NEW_DATA,3.9871,71.7454,109.8721
2221,LIVE,NEW_DATA,3.9856,71.7454,109.8721
2222,LIVE,NEW_DATA,3.9871,71.7454,109.8721
2223,LIVE,NEW_DATA,3.9894,71.6685,109.5249
2224,STOPPED,NEW_DATA,3.9825,69.8563,109.5249
2225,STOPPED,HOLD_LAST,3.9825,69.8563,109.5249
2226,STOPPED,NEW_DATA,3.9825,69.8563,109.5249
2227,STOPPED,NEW_DATA,3.9833,69.8563,109.5249
2228,STOPPED,NEW_DATA,3.9833,69.5778,108.6951
2229,STOPPED,NEW_DATA,3.9825,69.5778,108.6951
2230,STOPPED,NEW_DATA,3.9825,69.5778,108.6951
2231,STOPPED,NEW_DATA,3.9787,69.5778,108.6951
2232,STOPPED,NEW_DATA,3.9772,69.5778,108.6951
2233,STOPPED,NEW_DATA,3.9783,69.5327,109.4767
2234,STOPPED,NEW_DATA,3.9783,69.5327,109.4767
2235,STOPPED,NEW_DATA,3.9795,69.5327,109.4767
2236,STOPPED,NEW_DATA,3.9795,69.5327,109.4767
2237,STOPPED,NEW_DATA,3.9803,69.5327,109.4767
2238,STOPPED,NEW_DATA,3.9787,69.3642,108.6473
2239,STOPPED,NEW_DATA,3.9780,69.3642,108.6473
2240,STOPPED,NEW_DATA,3.9795,69.3642,108.6473
2241,STOPPED,NEW_DATA,3.9787,69.3642,108.6473
2242,STOPPED,NEW_DATA,3.9829,69.3642,108.6473
2243,STOPPED,NEW_DATA,3.9764,69.3383,109.1426
2244,STOPPED,NEW_DATA,3.9795,69.3383,109.1426
2245,STOPPED,NEW_DATA,3.9803,69.3383,109.1426
2246,STOPPED,NEW_DATA,3.9803,69.3383,109.1426
2247,STOPPED,NEW_DATA,3.9795,69.3383,109.1426
2248,STOPPED,NEW_DATA,3.9825,69.2391,109.1873
2249,STOPPED,NEW_DATA,3.9795,69.2391,109.1873
2250,STOPPED,NEW_DATA,3.9810,69.2391,109.1873
2251,STOPPED,NEW_DATA,3.9795,69.2391,109.1873
2252,STOPPED,NEW_DATA,3.9795,69.2391,109.1873
2253,STOPPED,NEW_DATA,3.9818,69.2480,109.1873
2254,STOPPED,NEW_DATA,3.9803,69.2480,109.1873
2255,STOPPED,NEW_DATA,3.9841,69.2480,109.1873
2256,STOPPED,NEW_DATA,3.9803,69.2480,109.1873
2257,STOPPED,NEW_DATA,3.9810,69.2480,109.1873
2258,STOPPED,NEW_DATA,3.9825,69.3642,109.5588
